PLC_Tag,Address,RegisterType,DataType,FunctionCode,AccessType,Description,Unit,SignalType,DCS_Tag,DCS_Functions
1115-PM-101A_PERMIT.MCU,1,1,BOOL,2,Read,MCU.1115-PM-101A - R-101 Recycle Pumps_Permitted State 1:Permit 0:No Permit,"",Permanent,"",""
1115-PM-101A_FAULT.MCU,2,1,BOOL,2,Read,MCU.1115-PM-101A - R-101 Recycle Pumps_General Fault 1:Fault 0:Normal,"",Permanent,"",""
1115-PM-101A_STA.MCU,3,1,BOOL,2,Read,MCU.1115-PM-101A - R-101 Recycle Pumps_Motor Operation 1:Running 0:Stopped,"",Permanent,"",""
1115-PM-101A_EM_STOP.MCU,4,1,BOOL,2,Read,MCU.1115-PM-101A - R-101 Recycle Pumps_Emergency shutdown 1:Emergency shutdown 0:Normal,"",Permanent,"",""
1115-PM-101A_SWITCH_ON.MCU,5,1,BOOL,2,Read,MCU.1115-PM-101A - R-101 Recycle Pumps_MCCB Closed 1:Closed Position 0:Open Position,"",Permanent,"",""
1115-PM-101A_MCCB POSITION.MCU,6,1,BOOL,2,Read,MCU.1115-PM-101A - R-101 Recycle Pumps_MCCB Working Position 1:Working Position 0:Test Position,"",Permanent,"",""
1115-PM-101A_REDAY.MCU,7,1,BOOL,2,Read,MCU.1115-PM-101A - R-101 Recycle Pumps_Motor Ready 1:Ready 0:Not Ready,"",Permanent,"",""
1630-PM-214A_TX.MCU,8,1,BOOL,2,Read,MCU.1630-PM-214A - HP Flare K.O.Drum Pump_Communication Status 1:Communication Normal 0:Communication Interrupted,"",Permanent,"",""
1630-PM-214A_PERMIT.MCU,9,1,BOOL,2,Read,MCU.1630-PM-214A - HP Flare K.O.Drum Pump_Permitted State 1:Permit 0:No Permit,"",Permanent,"",""
1630-PM-214A_FAULT.MCU,10,1,BOOL,2,Read,MCU.1630-PM-214A - HP Flare K.O.Drum Pump_General Fault 1:Fault 0:Normal,"",Permanent,"",""
1630-PM-214A_STA.MCU,11,1,BOOL,2,Read,MCU.1630-PM-214A - HP Flare K.O.Drum Pump_Motor Operation 1:Running 0:Stopped,"",Permanent,"",""
1630-PM-214A_EM_STOP.MCU,12,1,BOOL,2,Read,MCU.1630-PM-214A - HP Flare K.O.Drum Pump_Emergency shutdown 1:Emergency shutdown 0:Normal,"",Permanent,"",""
1630-PM-214A_SWITCH_ON.MCU,13,1,BOOL,2,Read,MCU.1630-PM-214A - HP Flare K.O.Drum Pump_MCCB Closed 1:Closed Position 0:Open Position,"",Permanent,"",""
1630-PM-214A_MCCB POSITION.MCU,14,1,BOOL,2,Read,MCU.1630-PM-214A - HP Flare K.O.Drum Pump_MCCB Working Position 1:Working Position 0:Test Position,"",Permanent,"",""
1630-PM-214A_REDAY.MCU,15,1,BOOL,2,Read,MCU.1630-PM-214A - HP Flare K.O.Drum Pump_Motor Ready 1:Ready 0:Not Ready,"",Permanent,"",""
1630-PM-605A_TX.MCU,16,1,BOOL,2,Read,MCU.1630-PM-605A - LP Flare K.O.Drum Pump_Communication Status 1:Communication Normal 0:Communication Interrupted,"",Permanent,"",""
1630-PM-605A_PERMIT.MCU,17,1,BOOL,2,Read,MCU.1630-PM-605A - LP Flare K.O.Drum Pump_Permitted State 1:Permit 0:No Permit,"",Permanent,"",""
1630-PM-605A_FAULT.MCU,18,1,BOOL,2,Read,MCU.1630-PM-605A - LP Flare K.O.Drum Pump_General Fault 1:Fault 0:Normal,"",Permanent,"",""
1630-PM-605A_STA.MCU,19,1,BOOL,2,Read,MCU.1630-PM-605A - LP Flare K.O.Drum Pump_Motor Operation 1:Running 0:Stopped,"",Permanent,"",""
1630-PM-605A_EM_STOP.MCU,20,1,BOOL,2,Read,MCU.1630-PM-605A - LP Flare K.O.Drum Pump_Emergency shutdown 1:Emergency shutdown 0:Normal,"",Permanent,"",""
1630-PM-605A_SWITCH_ON.MCU,21,1,BOOL,2,Read,MCU.1630-PM-605A - LP Flare K.O.Drum Pump_MCCB Closed 1:Closed Position 0:Open Position,"",Permanent,"",""
1630-PM-605A_MCCB POSITION.MCU,22,1,BOOL,2,Read,MCU.1630-PM-605A - LP Flare K.O.Drum Pump_MCCB Working Position 1:Working Position 0:Test Position,"",Permanent,"",""
1630-PM-605A_REDAY.MCU,23,1,BOOL,2,Read,MCU.1630-PM-605A - LP Flare K.O.Drum Pump_Motor Ready 1:Ready 0:Not Ready,"",Permanent,"",""
1130-PM-305A_TX.MCU,24,1,BOOL,2,Read,MCU.1130-PM-305A - Offgas Absorber Bottom Pump_Communication Status 1:Communication Normal 0:Communication Interrupted,"",Permanent,"",""
1130-PM-305A_PERMIT.MCU,25,1,BOOL,2,Read,MCU.1130-PM-305A - Offgas Absorber Bottom Pump_Permitted State 1:Permit 0:No Permit,"",Permanent,"",""
1130-PM-305A_FAULT.MCU,26,1,BOOL,2,Read,MCU.1130-PM-305A - Offgas Absorber Bottom Pump_General Fault 1:Fault 0:Normal,"",Permanent,"",""
1130-PM-305A_STA.MCU,27,1,BOOL,2,Read,MCU.1130-PM-305A - Offgas Absorber Bottom Pump_Motor Operation 1:Running 0:Stopped,"",Permanent,"",""
1130-PM-305A_EM_STOP.MCU,28,1,BOOL,2,Read,MCU.1130-PM-305A - Offgas Absorber Bottom Pump_Emergency shutdown 1:Emergency shutdown 0:Normal,"",Permanent,"",""
1130-PM-305A_SWITCH_ON.MCU,29,1,BOOL,2,Read,MCU.1130-PM-305A - Offgas Absorber Bottom Pump_MCCB Closed 1:Closed Position 0:Open Position,"",Permanent,"",""
1130-PM-305A_MCCB POSITION.MCU,30,1,BOOL,2,Read,MCU.1130-PM-305A - Offgas Absorber Bottom Pump_MCCB Working Position 1:Working Position 0:Test Position,"",Permanent,"",""
1130-PM-305A_REDAY.MCU,31,1,BOOL,2,Read,MCU.1130-PM-305A - Offgas Absorber Bottom Pump_Motor Ready 1:Ready 0:Not Ready,"",Permanent,"",""
1130-PM-306A_TX.MCU,32,1,BOOL,2,Read,MCU.1130-PM-306A - Rich Oil Stripper Bottom Pump_Communication Status 1:Communication Normal 0:Communication Interrupted,"",Permanent,"",""
1130-PM-306A_PERMIT.MCU,33,1,BOOL,2,Read,MCU.1130-PM-306A - Rich Oil Stripper Bottom Pump_Permitted State 1:Permit 0:No Permit,"",Permanent,"",""
1130-PM-306A_FAULT.MCU,34,1,BOOL,2,Read,MCU.1130-PM-306A - Rich Oil Stripper Bottom Pump_General Fault 1:Fault 0:Normal,"",Permanent,"",""
1130-PM-306A_STA.MCU,35,1,BOOL,2,Read,MCU.1130-PM-306A - Rich Oil Stripper Bottom Pump_Motor Operation 1:Running 0:Stopped,"",Permanent,"",""
1130-PM-306A_EM_STOP.MCU,36,1,BOOL,2,Read,MCU.1130-PM-306A - Rich Oil Stripper Bottom Pump_Emergency shutdown 1:Emergency shutdown 0:Normal,"",Permanent,"",""
1130-PM-306A_SWITCH_ON.MCU,37,1,BOOL,2,Read,MCU.1130-PM-306A - Rich Oil Stripper Bottom Pump_MCCB Closed 1:Closed Position 0:Open Position,"",Permanent,"",""
1130-PM-306A_MCCB POSITION.MCU,38,1,BOOL,2,Read,MCU.1130-PM-306A - Rich Oil Stripper Bottom Pump_MCCB Working Position 1:Working Position 0:Test Position,"",Permanent,"",""
1130-PM-306A_REDAY.MCU,39,1,BOOL,2,Read,MCU.1130-PM-306A - Rich Oil Stripper Bottom Pump_Motor Ready 1:Ready 0:Not Ready,"",Permanent,"",""
1162-PM-602_TX.MCU,40,1,BOOL,2,Read,MCU.1162-PM-602 - SM Slop Drum water Pump_Communication Status 1:Communication Normal 0:Communication Interrupted,"",Permanent,"",""
1162-PM-602_PERMIT.MCU,41,1,BOOL,2,Read,MCU.1162-PM-602 - SM Slop Drum water Pump_Permitted State 1:Permit 0:No Permit,"",Permanent,"",""
1162-PM-602_FAULT.MCU,42,1,BOOL,2,Read,MCU.1162-PM-602 - SM Slop Drum water Pump_General Fault 1:Fault 0:Normal,"",Permanent,"",""
1162-PM-602_STA.MCU,43,1,BOOL,2,Read,MCU.1162-PM-602 - SM Slop Drum water Pump_Motor Operation 1:Running 0:Stopped,"",Permanent,"",""
1162-PM-602_EM_STOP.MCU,44,1,BOOL,2,Read,MCU.1162-PM-602 - SM Slop Drum water Pump_Emergency shutdown 1:Emergency shutdown 0:Normal,"",Permanent,"",""
1162-PM-602_SWITCH_ON.MCU,45,1,BOOL,2,Read,MCU.1162-PM-602 - SM Slop Drum water Pump_MCCB Closed 1:Closed Position 0:Open Position,"",Permanent,"",""
1162-PM-602_MCCB POSITION.MCU,46,1,BOOL,2,Read,MCU.1162-PM-602 - SM Slop Drum water Pump_MCCB Working Position 1:Working Position 0:Test Position,"",Permanent,"",""
1162-PM-602_REDAY.MCU,47,1,BOOL,2,Read,MCU.1162-PM-602 - SM Slop Drum water Pump_Motor Ready 1:Ready 0:Not Ready,"",Permanent,"",""
1162-PM-603_TX.MCU,48,1,BOOL,2,Read,MCU.1162-PM-603 - SM Slop Drum HC Pump_Communication Status 1:Communication Normal 0:Communication Interrupted,"",Permanent,"",""
1162-PM-603_PERMIT.MCU,49,1,BOOL,2,Read,MCU.1162-PM-603 - SM Slop Drum HC Pump_Permitted State 1:Permit 0:No Permit,"",Permanent,"",""
1162-PM-603_FAULT.MCU,50,1,BOOL,2,Read,MCU.1162-PM-603 - SM Slop Drum HC Pump_General Fault 1:Fault 0:Normal,"",Permanent,"",""
1162-PM-603_STA.MCU,51,1,BOOL,2,Read,MCU.1162-PM-603 - SM Slop Drum HC Pump_Motor Operation 1:Running 0:Stopped,"",Permanent,"",""
1162-PM-603_EM_STOP.MCU,52,1,BOOL,2,Read,MCU.1162-PM-603 - SM Slop Drum HC Pump_Emergency shutdown 1:Emergency shutdown 0:Normal,"",Permanent,"",""
1162-PM-603_SWITCH_ON.MCU,53,1,BOOL,2,Read,MCU.1162-PM-603 - SM Slop Drum HC Pump_MCCB Closed 1:Closed Position 0:Open Position,"",Permanent,"",""
1162-PM-603_MCCB POSITION.MCU,54,1,BOOL,2,Read,MCU.1162-PM-603 - SM Slop Drum HC Pump_MCCB Working Position 1:Working Position 0:Test Position,"",Permanent,"",""
1162-PM-603_REDAY.MCU,55,1,BOOL,2,Read,MCU.1162-PM-603 - SM Slop Drum HC Pump_Motor Ready 1:Ready 0:Not Ready,"",Permanent,"",""
2202-NK-SG-102-A.03OC_8_TX.MCU,56,1,BOOL,2,Read,MCU.2202-NK-SG-102-A.03OC_8 - SPARE_Communication Status 1:Communication Normal 0:Communication Interrupted,"",Permanent,"",""
2202-NK-SG-102-A.03OC_8_PERMIT.MCU,57,1,BOOL,2,Read,MCU.2202-NK-SG-102-A.03OC_8 - SPARE_Permitted State 1:Permit 0:No Permit,"",Permanent,"",""
2202-NK-SG-102-A.03OC_8_FAULT.MCU,58,1,BOOL,2,Read,MCU.2202-NK-SG-102-A.03OC_8 - SPARE_General Fault 1:Fault 0:Normal,"",Permanent,"",""
2202-NK-SG-102-A.03OC_8_STA.MCU,59,1,BOOL,2,Read,MCU.2202-NK-SG-102-A.03OC_8 - SPARE_Motor Operation 1:Running 0:Stopped,"",Permanent,"",""
2202-NK-SG-102-A.03OC_8_EM_STOP.MCU,60,1,BOOL,2,Read,MCU.2202-NK-SG-102-A.03OC_8 - SPARE_Emergency shutdown 1:Emergency shutdown 0:Normal,"",Permanent,"",""
2202-NK-SG-102-A.03OC_8_SWITCH_ON.MCU,61,1,BOOL,2,Read,MCU.2202-NK-SG-102-A.03OC_8 - SPARE_MCCB Closed 1:Closed Position 0:Open Position,"",Permanent,"",""
2202-NK-SG-102-A.03OC_8_MCCB POSITION.MCU,62,1,BOOL,2,Read,MCU.2202-NK-SG-102-A.03OC_8 - SPARE_MCCB Working Position 1:Working Position 0:Test Position,"",Permanent,"",""
2202-NK-SG-102-A.03OC_8_REDAY.MCU,63,1,BOOL,2,Read,MCU.2202-NK-SG-102-A.03OC_8 - SPARE_Motor Ready 1:Ready 0:Not Ready,"",Permanent,"",""
1130-PM-311_TX.MCU,64,1,BOOL,2,Read,MCU.1130-PM-311 - Back-washed pump_Communication Status 1:Communication Normal 0:Communication Interrupted,"",Permanent,"",""
1130-PM-311_PERMIT.MCU,65,1,BOOL,2,Read,MCU.1130-PM-311 - Back-washed pump_Permitted State 1:Permit 0:No Permit,"",Permanent,"",""
1130-PM-311_FAULT.MCU,66,1,BOOL,2,Read,MCU.1130-PM-311 - Back-washed pump_General Fault 1:Fault 0:Normal,"",Permanent,"",""
1130-PM-311_STA.MCU,67,1,BOOL,2,Read,MCU.1130-PM-311 - Back-washed pump_Motor Operation 1:Running 0:Stopped,"",Permanent,"",""
1130-PM-311_EM_STOP.MCU,68,1,BOOL,2,Read,MCU.1130-PM-311 - Back-washed pump_Emergency shutdown 1:Emergency shutdown 0:Normal,"",Permanent,"",""
1130-PM-311_SWITCH_ON.MCU,69,1,BOOL,2,Read,MCU.1130-PM-311 - Back-washed pump_MCCB Closed 1:Closed Position 0:Open Position,"",Permanent,"",""
1130-PM-311_MCCB POSITION.MCU,70,1,BOOL,2,Read,MCU.1130-PM-311 - Back-washed pump_MCCB Working Position 1:Working Position 0:Test Position,"",Permanent,"",""
1130-PM-311_REDAY.MCU,71,1,BOOL,2,Read,MCU.1130-PM-311 - Back-washed pump_Motor Ready 1:Ready 0:Not Ready,"",Permanent,"",""
1612-PM-611A_TX.MCU,72,1,BOOL,2,Read,MCU.1612-PM-611A - Desuperheater Water Pump_Communication Status 1:Communication Normal 0:Communication Interrupted,"",Permanent,"",""
1612-PM-611A_PERMIT.MCU,73,1,BOOL,2,Read,MCU.1612-PM-611A - Desuperheater Water Pump_Permitted State 1:Permit 0:No Permit,"",Permanent,"",""
1612-PM-611A_FAULT.MCU,74,1,BOOL,2,Read,MCU.1612-PM-611A - Desuperheater Water Pump_General Fault 1:Fault 0:Normal,"",Permanent,"",""
1612-PM-611A_STA.MCU,75,1,BOOL,2,Read,MCU.1612-PM-611A - Desuperheater Water Pump_Motor Operation 1:Running 0:Stopped,"",Permanent,"",""
1612-PM-611A_EM_STOP.MCU,76,1,BOOL,2,Read,MCU.1612-PM-611A - Desuperheater Water Pump_Emergency shutdown 1:Emergency shutdown 0:Normal,"",Permanent,"",""
1612-PM-611A_SWITCH_ON.MCU,77,1,BOOL,2,Read,MCU.1612-PM-611A - Desuperheater Water Pump_MCCB Closed 1:Closed Position 0:Open Position,"",Permanent,"",""
1612-PM-611A_MCCB POSITION.MCU,78,1,BOOL,2,Read,MCU.1612-PM-611A - Desuperheater Water Pump_MCCB Working Position 1:Working Position 0:Test Position,"",Permanent,"",""
1612-PM-611A_REDAY.MCU,79,1,BOOL,2,Read,MCU.1612-PM-611A - Desuperheater Water Pump_Motor Ready 1:Ready 0:Not Ready,"",Permanent,"",""
1612-PM-001A_TX.MCU,80,1,BOOL,2,Read,MCU.1612-PM-001A - oil pump motor_Communication Status 1:Communication Normal 0:Communication Interrupted,"",Permanent,"",""
1612-PM-001A_PERMIT.MCU,81,1,BOOL,2,Read,MCU.1612-PM-001A - oil pump motor_Permitted State 1:Permit 0:No Permit,"",Permanent,"",""
1612-PM-001A_FAULT.MCU,82,1,BOOL,2,Read,MCU.1612-PM-001A - oil pump motor_General Fault 1:Fault 0:Normal,"",Permanent,"",""
1612-PM-001A_STA.MCU,83,1,BOOL,2,Read,MCU.1612-PM-001A - oil pump motor_Motor Operation 1:Running 0:Stopped,"",Permanent,"",""
1612-PM-001A_EM_STOP.MCU,84,1,BOOL,2,Read,MCU.1612-PM-001A - oil pump motor_Emergency shutdown 1:Emergency shutdown 0:Normal,"",Permanent,"",""
1612-PM-001A_SWITCH_ON.MCU,85,1,BOOL,2,Read,MCU.1612-PM-001A - oil pump motor_MCCB Closed 1:Closed Position 0:Open Position,"",Permanent,"",""
1612-PM-001A_MCCB POSITION.MCU,86,1,BOOL,2,Read,MCU.1612-PM-001A - oil pump motor_MCCB Working Position 1:Working Position 0:Test Position,"",Permanent,"",""
1612-PM-001A_REDAY.MCU,87,1,BOOL,2,Read,MCU.1612-PM-001A - oil pump motor_Motor Ready 1:Ready 0:Not Ready,"",Permanent,"",""
1612-P-611A.HE-JB_TX.MCU,88,1,BOOL,2,Read,MCU.1612-P-611A.HE-JB - Oil heater junction box_Communication Status 1:Communication Normal 0:Communication Interrupted,"",Permanent,"",""
1612-P-611A.HE-JB_PERMIT.MCU,89,1,BOOL,2,Read,MCU.1612-P-611A.HE-JB - Oil heater junction box_Permitted State 1:Permit 0:No Permit,"",Permanent,"",""
1612-P-611A.HE-JB_FAULT.MCU,90,1,BOOL,2,Read,MCU.1612-P-611A.HE-JB - Oil heater junction box_General Fault 1:Fault 0:Normal,"",Permanent,"",""
1612-P-611A.HE-JB_STA.MCU,91,1,BOOL,2,Read,MCU.1612-P-611A.HE-JB - Oil heater junction box_Motor Operation 1:Running 0:Stopped,"",Permanent,"",""
1612-P-611A.HE-JB_EM_STOP.MCU,92,1,BOOL,2,Read,MCU.1612-P-611A.HE-JB - Oil heater junction box_Emergency shutdown 1:Emergency shutdown 0:Normal,"",Permanent,"",""
1612-P-611A.HE-JB_SWITCH_ON.MCU,93,1,BOOL,2,Read,MCU.1612-P-611A.HE-JB - Oil heater junction box_MCCB Closed 1:Closed Position 0:Open Position,"",Permanent,"",""
1612-P-611A.HE-JB_MCCB POSITION.MCU,94,1,BOOL,2,Read,MCU.1612-P-611A.HE-JB - Oil heater junction box_MCCB Working Position 1:Working Position 0:Test Position,"",Permanent,"",""
1612-P-611A.HE-JB_REDAY.MCU,95,1,BOOL,2,Read,MCU.1612-P-611A.HE-JB - Oil heater junction box_Motor Ready 1:Ready 0:Not Ready,"",Permanent,"",""
1624-PM-614_TX.MCU,96,1,BOOL,2,Read,MCU.1624-PM-614 - Wasteoil Sump Pump_Communication Status 1:Communication Normal 0:Communication Interrupted,"",Permanent,"",""
1624-PM-614_PERMIT.MCU,97,1,BOOL,2,Read,MCU.1624-PM-614 - Wasteoil Sump Pump_Permitted State 1:Permit 0:No Permit,"",Permanent,"",""
1624-PM-614_FAULT.MCU,98,1,BOOL,2,Read,MCU.1624-PM-614 - Wasteoil Sump Pump_General Fault 1:Fault 0:Normal,"",Permanent,"",""
1624-PM-614_STA.MCU,99,1,BOOL,2,Read,MCU.1624-PM-614 - Wasteoil Sump Pump_Motor Operation 1:Running 0:Stopped,"",Permanent,"",""
1624-PM-614_EM_STOP.MCU,100,1,BOOL,2,Read,MCU.1624-PM-614 - Wasteoil Sump Pump_Emergency shutdown 1:Emergency shutdown 0:Normal,"",Permanent,"",""
1624-PM-614_SWITCH_ON.MCU,101,1,BOOL,2,Read,MCU.1624-PM-614 - Wasteoil Sump Pump_MCCB Closed 1:Closed Position 0:Open Position,"",Permanent,"",""
1624-PM-614_MCCB POSITION.MCU,102,1,BOOL,2,Read,MCU.1624-PM-614 - Wasteoil Sump Pump_MCCB Working Position 1:Working Position 0:Test Position,"",Permanent,"",""
1624-PM-614_REDAY.MCU,103,1,BOOL,2,Read,MCU.1624-PM-614 - Wasteoil Sump Pump_Motor Ready 1:Ready 0:Not Ready,"",Permanent,"",""
2202-NK-SG-102-A.05OC_6_TX.MCU,104,1,BOOL,2,Read,MCU.2202-NK-SG-102-A.05OC_6 - SPARE_Communication Status 1:Communication Normal 0:Communication Interrupted,"",Permanent,"",""
2202-NK-SG-102-A.05OC_6_PERMIT.MCU,105,1,BOOL,2,Read,MCU.2202-NK-SG-102-A.05OC_6 - SPARE_Permitted State 1:Permit 0:No Permit,"",Permanent,"",""
2202-NK-SG-102-A.05OC_6_FAULT.MCU,106,1,BOOL,2,Read,MCU.2202-NK-SG-102-A.05OC_6 - SPARE_General Fault 1:Fault 0:Normal,"",Permanent,"",""
2202-NK-SG-102-A.05OC_6_STA.MCU,107,1,BOOL,2,Read,MCU.2202-NK-SG-102-A.05OC_6 - SPARE_Motor Operation 1:Running 0:Stopped,"",Permanent,"",""
2202-NK-SG-102-A.05OC_6_EM_STOP.MCU,108,1,BOOL,2,Read,MCU.2202-NK-SG-102-A.05OC_6 - SPARE_Emergency shutdown 1:Emergency shutdown 0:Normal,"",Permanent,"",""
2202-NK-SG-102-A.05OC_6_SWITCH_ON.MCU,109,1,BOOL,2,Read,MCU.2202-NK-SG-102-A.05OC_6 - SPARE_MCCB Closed 1:Closed Position 0:Open Position,"",Permanent,"",""
2202-NK-SG-102-A.05OC_6_MCCB POSITION.MCU,110,1,BOOL,2,Read,MCU.2202-NK-SG-102-A.05OC_6 - SPARE_MCCB Working Position 1:Working Position 0:Test Position,"",Permanent,"",""
2202-NK-SG-102-A.05OC_6_REDAY.MCU,111,1,BOOL,2,Read,MCU.2202-NK-SG-102-A.05OC_6 - SPARE_Motor Ready 1:Ready 0:Not Ready,"",Permanent,"",""
1130-PM-302A_TX.MCU,112,1,BOOL,2,Read,MCU.1130-PM-302A - Process Condensate Pump_Communication Status 1:Communication Normal 0:Communication Interrupted,"",Permanent,"",""
1130-PM-302A_PERMIT.MCU,113,1,BOOL,2,Read,MCU.1130-PM-302A - Process Condensate Pump_Permitted State 1:Permit 0:No Permit,"",Permanent,"",""
1130-PM-302A_FAULT.MCU,114,1,BOOL,2,Read,MCU.1130-PM-302A - Process Condensate Pump_General Fault 1:Fault 0:Normal,"",Permanent,"",""
1130-PM-302A_STA.MCU,115,1,BOOL,2,Read,MCU.1130-PM-302A - Process Condensate Pump_Motor Operation 1:Running 0:Stopped,"",Permanent,"",""
1130-PM-302A_EM_STOP.MCU,116,1,BOOL,2,Read,MCU.1130-PM-302A - Process Condensate Pump_Emergency shutdown 1:Emergency shutdown 0:Normal,"",Permanent,"",""
1130-PM-302A_SWITCH_ON.MCU,117,1,BOOL,2,Read,MCU.1130-PM-302A - Process Condensate Pump_MCCB Closed 1:Closed Position 0:Open Position,"",Permanent,"",""
1130-PM-302A_MCCB POSITION.MCU,118,1,BOOL,2,Read,MCU.1130-PM-302A - Process Condensate Pump_MCCB Working Position 1:Working Position 0:Test Position,"",Permanent,"",""
1130-PM-302A_REDAY.MCU,119,1,BOOL,2,Read,MCU.1130-PM-302A - Process Condensate Pump_Motor Ready 1:Ready 0:Not Ready,"",Permanent,"",""
1110-KM-101A-2_TX.MCU,120,1,BOOL,2,Read,MCU.1110-KM-101A-2 - Barring motor_Communication Status 1:Communication Normal 0:Communication Interrupted,"",Permanent,"",""
1110-KM-101A-2_PERMIT.MCU,121,1,BOOL,2,Read,MCU.1110-KM-101A-2 - Barring motor_Permitted State 1:Permit 0:No Permit,"",Permanent,"",""
1110-KM-101A-2_FAULT.MCU,122,1,BOOL,2,Read,MCU.1110-KM-101A-2 - Barring motor_General Fault 1:Fault 0:Normal,"",Permanent,"",""
1110-KM-101A-2_STA.MCU,123,1,BOOL,2,Read,MCU.1110-KM-101A-2 - Barring motor_Motor Operation 1:Running 0:Stopped,"",Permanent,"",""
1110-KM-101A-2_EM_STOP.MCU,124,1,BOOL,2,Read,MCU.1110-KM-101A-2 - Barring motor_Emergency shutdown 1:Emergency shutdown 0:Normal,"",Permanent,"",""
1110-KM-101A-2_SWITCH_ON.MCU,125,1,BOOL,2,Read,MCU.1110-KM-101A-2 - Barring motor_MCCB Closed 1:Closed Position 0:Open Position,"",Permanent,"",""
1110-KM-101A-2_MCCB POSITION.MCU,126,1,BOOL,2,Read,MCU.1110-KM-101A-2 - Barring motor_MCCB Working Position 1:Working Position 0:Test Position,"",Permanent,"",""
1110-KM-101A-2_REDAY.MCU,127,1,BOOL,2,Read,MCU.1110-KM-101A-2 - Barring motor_Motor Ready 1:Ready 0:Not Ready,"",Permanent,"",""
1110-PM-131A_TX.MCU,128,1,BOOL,2,Read,MCU.1110-PM-131A - Oil pump motor 1_Communication Status 1:Communication Normal 0:Communication Interrupted,"",Permanent,"",""
1110-PM-131A_PERMIT.MCU,129,1,BOOL,2,Read,MCU.1110-PM-131A - Oil pump motor 1_Permitted State 1:Permit 0:No Permit,"",Permanent,"",""
1110-PM-131A_FAULT.MCU,130,1,BOOL,2,Read,MCU.1110-PM-131A - Oil pump motor 1_General Fault 1:Fault 0:Normal,"",Permanent,"",""
1110-PM-131A_STA.MCU,131,1,BOOL,2,Read,MCU.1110-PM-131A - Oil pump motor 1_Motor Operation 1:Running 0:Stopped,"",Permanent,"",""
1110-PM-131A_EM_STOP.MCU,132,1,BOOL,2,Read,MCU.1110-PM-131A - Oil pump motor 1_Emergency shutdown 1:Emergency shutdown 0:Normal,"",Permanent,"",""
1110-PM-131A_SWITCH_ON.MCU,133,1,BOOL,2,Read,MCU.1110-PM-131A - Oil pump motor 1_MCCB Closed 1:Closed Position 0:Open Position,"",Permanent,"",""
1110-PM-131A_MCCB POSITION.MCU,134,1,BOOL,2,Read,MCU.1110-PM-131A - Oil pump motor 1_MCCB Working Position 1:Working Position 0:Test Position,"",Permanent,"",""
1110-PM-131A_REDAY.MCU,135,1,BOOL,2,Read,MCU.1110-PM-131A - Oil pump motor 1_Motor Ready 1:Ready 0:Not Ready,"",Permanent,"",""
1110-PM-131B_TX.MCU,136,1,BOOL,2,Read,MCU.1110-PM-131B - Oil pump motor 2_Communication Status 1:Communication Normal 0:Communication Interrupted,"",Permanent,"",""
1110-PM-131B_PERMIT.MCU,137,1,BOOL,2,Read,MCU.1110-PM-131B - Oil pump motor 2_Permitted State 1:Permit 0:No Permit,"",Permanent,"",""
1110-PM-131B_FAULT.MCU,138,1,BOOL,2,Read,MCU.1110-PM-131B - Oil pump motor 2_General Fault 1:Fault 0:Normal,"",Permanent,"",""
1110-PM-131B_STA.MCU,139,1,BOOL,2,Read,MCU.1110-PM-131B - Oil pump motor 2_Motor Operation 1:Running 0:Stopped,"",Permanent,"",""
1110-PM-131B_EM_STOP.MCU,140,1,BOOL,2,Read,MCU.1110-PM-131B - Oil pump motor 2_Emergency shutdown 1:Emergency shutdown 0:Normal,"",Permanent,"",""
1110-PM-131B_SWITCH_ON.MCU,141,1,BOOL,2,Read,MCU.1110-PM-131B - Oil pump motor 2_MCCB Closed 1:Closed Position 0:Open Position,"",Permanent,"",""
1110-PM-131B_MCCB POSITION.MCU,142,1,BOOL,2,Read,MCU.1110-PM-131B - Oil pump motor 2_MCCB Working Position 1:Working Position 0:Test Position,"",Permanent,"",""
1110-PM-131B_REDAY.MCU,143,1,BOOL,2,Read,MCU.1110-PM-131B - Oil pump motor 2_Motor Ready 1:Ready 0:Not Ready,"",Permanent,"",""
1110-KM-101A.EH02_TX.MCU,144,1,BOOL,2,Read,MCU.1110-KM-101A.EH02 - Electric heater for crankcase_Communication Status 1:Communication Normal 0:Communication Interrupted,"",Permanent,"",""
1110-KM-101A.EH02_PERMIT.MCU,145,1,BOOL,2,Read,MCU.1110-KM-101A.EH02 - Electric heater for crankcase_Permitted State 1:Permit 0:No Permit,"",Permanent,"",""
1110-KM-101A.EH02_FAULT.MCU,146,1,BOOL,2,Read,MCU.1110-KM-101A.EH02 - Electric heater for crankcase_General Fault 1:Fault 0:Normal,"",Permanent,"",""
1110-KM-101A.EH02_STA.MCU,147,1,BOOL,2,Read,MCU.1110-KM-101A.EH02 - Electric heater for crankcase_Motor Operation 1:Running 0:Stopped,"",Permanent,"",""
1110-KM-101A.EH02_EM_STOP.MCU,148,1,BOOL,2,Read,MCU.1110-KM-101A.EH02 - Electric heater for crankcase_Emergency shutdown 1:Emergency shutdown 0:Normal,"",Permanent,"",""
1110-KM-101A.EH02_SWITCH_ON.MCU,149,1,BOOL,2,Read,MCU.1110-KM-101A.EH02 - Electric heater for crankcase_MCCB Closed 1:Closed Position 0:Open Position,"",Permanent,"",""
1110-KM-101A.EH02_MCCB POSITION.MCU,150,1,BOOL,2,Read,MCU.1110-KM-101A.EH02 - Electric heater for crankcase_MCCB Working Position 1:Working Position 0:Test Position,"",Permanent,"",""
1110-KM-101A.EH02_REDAY.MCU,151,1,BOOL,2,Read,MCU.1110-KM-101A.EH02 - Electric heater for crankcase_Motor Ready 1:Ready 0:Not Ready,"",Permanent,"",""
1110-PM-133A_TX.MCU,152,1,BOOL,2,Read,MCU.1110-PM-133A - Water pump motor 1_Communication Status 1:Communication Normal 0:Communication Interrupted,"",Permanent,"",""
1110-PM-133A_PERMIT.MCU,153,1,BOOL,2,Read,MCU.1110-PM-133A - Water pump motor 1_Permitted State 1:Permit 0:No Permit,"",Permanent,"",""
1110-PM-133A_FAULT.MCU,154,1,BOOL,2,Read,MCU.1110-PM-133A - Water pump motor 1_General Fault 1:Fault 0:Normal,"",Permanent,"",""
1110-PM-133A_STA.MCU,155,1,BOOL,2,Read,MCU.1110-PM-133A - Water pump motor 1_Motor Operation 1:Running 0:Stopped,"",Permanent,"",""
1110-PM-133A_EM_STOP.MCU,156,1,BOOL,2,Read,MCU.1110-PM-133A - Water pump motor 1_Emergency shutdown 1:Emergency shutdown 0:Normal,"",Permanent,"",""
1110-PM-133A_SWITCH_ON.MCU,157,1,BOOL,2,Read,MCU.1110-PM-133A - Water pump motor 1_MCCB Closed 1:Closed Position 0:Open Position,"",Permanent,"",""
1110-PM-133A_MCCB POSITION.MCU,158,1,BOOL,2,Read,MCU.1110-PM-133A - Water pump motor 1_MCCB Working Position 1:Working Position 0:Test Position,"",Permanent,"",""
1110-PM-133A_REDAY.MCU,159,1,BOOL,2,Read,MCU.1110-PM-133A - Water pump motor 1_Motor Ready 1:Ready 0:Not Ready,"",Permanent,"",""
1110-V-136.EH_TX.MCU,160,1,BOOL,2,Read,MCU.1110-V-136.EH - Electric heater for water tank_Communication Status 1:Communication Normal 0:Communication Interrupted,"",Permanent,"",""
1110-V-136.EH_PERMIT.MCU,161,1,BOOL,2,Read,MCU.1110-V-136.EH - Electric heater for water tank_Permitted State 1:Permit 0:No Permit,"",Permanent,"",""
1110-V-136.EH_FAULT.MCU,162,1,BOOL,2,Read,MCU.1110-V-136.EH - Electric heater for water tank_General Fault 1:Fault 0:Normal,"",Permanent,"",""
1110-V-136.EH_STA.MCU,163,1,BOOL,2,Read,MCU.1110-V-136.EH - Electric heater for water tank_Motor Operation 1:Running 0:Stopped,"",Permanent,"",""
1110-V-136.EH_EM_STOP.MCU,164,1,BOOL,2,Read,MCU.1110-V-136.EH - Electric heater for water tank_Emergency shutdown 1:Emergency shutdown 0:Normal,"",Permanent,"",""
1110-V-136.EH_SWITCH_ON.MCU,165,1,BOOL,2,Read,MCU.1110-V-136.EH - Electric heater for water tank_MCCB Closed 1:Closed Position 0:Open Position,"",Permanent,"",""
1110-V-136.EH_MCCB POSITION.MCU,166,1,BOOL,2,Read,MCU.1110-V-136.EH - Electric heater for water tank_MCCB Working Position 1:Working Position 0:Test Position,"",Permanent,"",""
1110-V-136.EH_REDAY.MCU,167,1,BOOL,2,Read,MCU.1110-V-136.EH - Electric heater for water tank_Motor Ready 1:Ready 0:Not Ready,"",Permanent,"",""
1130-KM-301A_TX.MCU,168,1,BOOL,2,Read,MCU.1130-KM-301A - Barring motor_Communication Status 1:Communication Normal 0:Communication Interrupted,"",Permanent,"",""
1130-KM-301A_PERMIT.MCU,169,1,BOOL,2,Read,MCU.1130-KM-301A - Barring motor_Permitted State 1:Permit 0:No Permit,"",Permanent,"",""
1130-KM-301A_FAULT.MCU,170,1,BOOL,2,Read,MCU.1130-KM-301A - Barring motor_General Fault 1:Fault 0:Normal,"",Permanent,"",""
1130-KM-301A_STA.MCU,171,1,BOOL,2,Read,MCU.1130-KM-301A - Barring motor_Motor Operation 1:Running 0:Stopped,"",Permanent,"",""
1130-KM-301A_EM_STOP.MCU,172,1,BOOL,2,Read,MCU.1130-KM-301A - Barring motor_Emergency shutdown 1:Emergency shutdown 0:Normal,"",Permanent,"",""
1130-KM-301A_SWITCH_ON.MCU,173,1,BOOL,2,Read,MCU.1130-KM-301A - Barring motor_MCCB Closed 1:Closed Position 0:Open Position,"",Permanent,"",""
1130-KM-301A_MCCB POSITION.MCU,174,1,BOOL,2,Read,MCU.1130-KM-301A - Barring motor_MCCB Working Position 1:Working Position 0:Test Position,"",Permanent,"",""
1130-KM-301A_REDAY.MCU,175,1,BOOL,2,Read,MCU.1130-KM-301A - Barring motor_Motor Ready 1:Ready 0:Not Ready,"",Permanent,"",""
2202-NK-SG-102-A.07OC_8_TX.MCU,176,1,BOOL,2,Read,MCU.2202-NK-SG-102-A.07OC_8 - SPARE_Communication Status 1:Communication Normal 0:Communication Interrupted,"",Permanent,"",""
2202-NK-SG-102-A.07OC_8_PERMIT.MCU,177,1,BOOL,2,Read,MCU.2202-NK-SG-102-A.07OC_8 - SPARE_Permitted State 1:Permit 0:No Permit,"",Permanent,"",""
2202-NK-SG-102-A.07OC_8_FAULT.MCU,178,1,BOOL,2,Read,MCU.2202-NK-SG-102-A.07OC_8 - SPARE_General Fault 1:Fault 0:Normal,"",Permanent,"",""
2202-NK-SG-102-A.07OC_8_STA.MCU,179,1,BOOL,2,Read,MCU.2202-NK-SG-102-A.07OC_8 - SPARE_Motor Operation 1:Running 0:Stopped,"",Permanent,"",""
2202-NK-SG-102-A.07OC_8_EM_STOP.MCU,180,1,BOOL,2,Read,MCU.2202-NK-SG-102-A.07OC_8 - SPARE_Emergency shutdown 1:Emergency shutdown 0:Normal,"",Permanent,"",""
2202-NK-SG-102-A.07OC_8_SWITCH_ON.MCU,181,1,BOOL,2,Read,MCU.2202-NK-SG-102-A.07OC_8 - SPARE_MCCB Closed 1:Closed Position 0:Open Position,"",Permanent,"",""
2202-NK-SG-102-A.07OC_8_MCCB POSITION.MCU,182,1,BOOL,2,Read,MCU.2202-NK-SG-102-A.07OC_8 - SPARE_MCCB Working Position 1:Working Position 0:Test Position,"",Permanent,"",""
2202-NK-SG-102-A.07OC_8_REDAY.MCU,183,1,BOOL,2,Read,MCU.2202-NK-SG-102-A.07OC_8 - SPARE_Motor Ready 1:Ready 0:Not Ready,"",Permanent,"",""
1130-BLM-331A_TX.MCU,184,1,BOOL,2,Read,MCU.1130-BLM-331A - Oil station fans_Communication Status 1:Communication Normal 0:Communication Interrupted,"",Permanent,"",""
1130-BLM-331A_PERMIT.MCU,185,1,BOOL,2,Read,MCU.1130-BLM-331A - Oil station fans_Permitted State 1:Permit 0:No Permit,"",Permanent,"",""
1130-BLM-331A_FAULT.MCU,186,1,BOOL,2,Read,MCU.1130-BLM-331A - Oil station fans_General Fault 1:Fault 0:Normal,"",Permanent,"",""
1130-BLM-331A_STA.MCU,187,1,BOOL,2,Read,MCU.1130-BLM-331A - Oil station fans_Motor Operation 1:Running 0:Stopped,"",Permanent,"",""
1130-BLM-331A_EM_STOP.MCU,188,1,BOOL,2,Read,MCU.1130-BLM-331A - Oil station fans_Emergency shutdown 1:Emergency shutdown 0:Normal,"",Permanent,"",""
1130-BLM-331A_SWITCH_ON.MCU,189,1,BOOL,2,Read,MCU.1130-BLM-331A - Oil station fans_MCCB Closed 1:Closed Position 0:Open Position,"",Permanent,"",""
1130-BLM-331A_MCCB POSITION.MCU,190,1,BOOL,2,Read,MCU.1130-BLM-331A - Oil station fans_MCCB Working Position 1:Working Position 0:Test Position,"",Permanent,"",""
1130-BLM-331A_REDAY.MCU,191,1,BOOL,2,Read,MCU.1130-BLM-331A - Oil station fans_Motor Ready 1:Ready 0:Not Ready,"",Permanent,"",""
1130-PM-331B_TX.MCU,192,1,BOOL,2,Read,MCU.1130-PM-331B - Auxiliary oil pump motor_Communication Status 1:Communication Normal 0:Communication Interrupted,"",Permanent,"",""
1130-PM-331B_PERMIT.MCU,193,1,BOOL,2,Read,MCU.1130-PM-331B - Auxiliary oil pump motor_Permitted State 1:Permit 0:No Permit,"",Permanent,"",""
1130-PM-331B_FAULT.MCU,194,1,BOOL,2,Read,MCU.1130-PM-331B - Auxiliary oil pump motor_General Fault 1:Fault 0:Normal,"",Permanent,"",""
1130-PM-331B_STA.MCU,195,1,BOOL,2,Read,MCU.1130-PM-331B - Auxiliary oil pump motor_Motor Operation 1:Running 0:Stopped,"",Permanent,"",""
1130-PM-331B_EM_STOP.MCU,196,1,BOOL,2,Read,MCU.1130-PM-331B - Auxiliary oil pump motor_Emergency shutdown 1:Emergency shutdown 0:Normal,"",Permanent,"",""
1130-PM-331B_SWITCH_ON.MCU,197,1,BOOL,2,Read,MCU.1130-PM-331B - Auxiliary oil pump motor_MCCB Closed 1:Closed Position 0:Open Position,"",Permanent,"",""
1130-PM-331B_MCCB POSITION.MCU,198,1,BOOL,2,Read,MCU.1130-PM-331B - Auxiliary oil pump motor_MCCB Working Position 1:Working Position 0:Test Position,"",Permanent,"",""
1130-PM-331B_REDAY.MCU,199,1,BOOL,2,Read,MCU.1130-PM-331B - Auxiliary oil pump motor_Motor Ready 1:Ready 0:Not Ready,"",Permanent,"",""
1130-V-332A.EH_TX.MCU,200,1,BOOL,2,Read,MCU.1130-V-332A.EH - Lube oil tank heater_Communication Status 1:Communication Normal 0:Communication Interrupted,"",Permanent,"",""
1130-V-332A.EH_PERMIT.MCU,201,1,BOOL,2,Read,MCU.1130-V-332A.EH - Lube oil tank heater_Permitted State 1:Permit 0:No Permit,"",Permanent,"",""
1130-V-332A.EH_FAULT.MCU,202,1,BOOL,2,Read,MCU.1130-V-332A.EH - Lube oil tank heater_General Fault 1:Fault 0:Normal,"",Permanent,"",""
1130-V-332A.EH_STA.MCU,203,1,BOOL,2,Read,MCU.1130-V-332A.EH - Lube oil tank heater_Motor Operation 1:Running 0:Stopped,"",Permanent,"",""
1130-V-332A.EH_EM_STOP.MCU,204,1,BOOL,2,Read,MCU.1130-V-332A.EH - Lube oil tank heater_Emergency shutdown 1:Emergency shutdown 0:Normal,"",Permanent,"",""
1130-V-332A.EH_SWITCH_ON.MCU,205,1,BOOL,2,Read,MCU.1130-V-332A.EH - Lube oil tank heater_MCCB Closed 1:Closed Position 0:Open Position,"",Permanent,"",""
1130-V-332A.EH_MCCB POSITION.MCU,206,1,BOOL,2,Read,MCU.1130-V-332A.EH - Lube oil tank heater_MCCB Working Position 1:Working Position 0:Test Position,"",Permanent,"",""
1130-V-332A.EH_REDAY.MCU,207,1,BOOL,2,Read,MCU.1130-V-332A.EH - Lube oil tank heater_Motor Ready 1:Ready 0:Not Ready,"",Permanent,"",""
1130-PM-331A_TX.MCU,208,1,BOOL,2,Read,MCU.1130-PM-331A - Main oil pump motor_Communication Status 1:Communication Normal 0:Communication Interrupted,"",Permanent,"",""
1130-PM-331A_PERMIT.MCU,209,1,BOOL,2,Read,MCU.1130-PM-331A - Main oil pump motor_Permitted State 1:Permit 0:No Permit,"",Permanent,"",""
1130-PM-331A_FAULT.MCU,210,1,BOOL,2,Read,MCU.1130-PM-331A - Main oil pump motor_General Fault 1:Fault 0:Normal,"",Permanent,"",""
1130-PM-331A_STA.MCU,211,1,BOOL,2,Read,MCU.1130-PM-331A - Main oil pump motor_Motor Operation 1:Running 0:Stopped,"",Permanent,"",""
1130-PM-331A_EM_STOP.MCU,212,1,BOOL,2,Read,MCU.1130-PM-331A - Main oil pump motor_Emergency shutdown 1:Emergency shutdown 0:Normal,"",Permanent,"",""
1130-PM-331A_SWITCH_ON.MCU,213,1,BOOL,2,Read,MCU.1130-PM-331A - Main oil pump motor_MCCB Closed 1:Closed Position 0:Open Position,"",Permanent,"",""
1130-PM-331A_MCCB POSITION.MCU,214,1,BOOL,2,Read,MCU.1130-PM-331A - Main oil pump motor_MCCB Working Position 1:Working Position 0:Test Position,"",Permanent,"",""
1130-PM-331A_REDAY.MCU,215,1,BOOL,2,Read,MCU.1130-PM-331A - Main oil pump motor_Motor Ready 1:Ready 0:Not Ready,"",Permanent,"",""
2701-PK-1501A-M_TX.MCU,216,1,BOOL,2,Read,MCU.2701-PK-1501A-M - ITF Waste Gas FanAcoustic Enclosure Fan_Communication Status 1:Communication Normal 0:Communication Interrupted,"",Permanent,"",""
2701-PK-1501A-M_PERMIT.MCU,217,1,BOOL,2,Read,MCU.2701-PK-1501A-M - ITF Waste Gas FanAcoustic Enclosure Fan_Permitted State 1:Permit 0:No Permit,"",Permanent,"",""
2701-PK-1501A-M_FAULT.MCU,218,1,BOOL,2,Read,MCU.2701-PK-1501A-M - ITF Waste Gas FanAcoustic Enclosure Fan_General Fault 1:Fault 0:Normal,"",Permanent,"",""
2701-PK-1501A-M_STA.MCU,219,1,BOOL,2,Read,MCU.2701-PK-1501A-M - ITF Waste Gas FanAcoustic Enclosure Fan_Motor Operation 1:Running 0:Stopped,"",Permanent,"",""
2701-PK-1501A-M_EM_STOP.MCU,220,1,BOOL,2,Read,MCU.2701-PK-1501A-M - ITF Waste Gas FanAcoustic Enclosure Fan_Emergency shutdown 1:Emergency shutdown 0:Normal,"",Permanent,"",""
2701-PK-1501A-M_SWITCH_ON.MCU,221,1,BOOL,2,Read,MCU.2701-PK-1501A-M - ITF Waste Gas FanAcoustic Enclosure Fan_MCCB Closed 1:Closed Position 0:Open Position,"",Permanent,"",""
2701-PK-1501A-M_MCCB POSITION.MCU,222,1,BOOL,2,Read,MCU.2701-PK-1501A-M - ITF Waste Gas FanAcoustic Enclosure Fan_MCCB Working Position 1:Working Position 0:Test Position,"",Permanent,"",""
2701-PK-1501A-M_REDAY.MCU,223,1,BOOL,2,Read,MCU.2701-PK-1501A-M - ITF Waste Gas FanAcoustic Enclosure Fan_Motor Ready 1:Ready 0:Not Ready,"",Permanent,"",""
2701-PM-1215_TX.MCU,224,1,BOOL,2,Read,MCU.2701-PM-1215 - Slop Drum HC Pump_Communication Status 1:Communication Normal 0:Communication Interrupted,"",Permanent,"",""
2701-PM-1215_PERMIT.MCU,225,1,BOOL,2,Read,MCU.2701-PM-1215 - Slop Drum HC Pump_Permitted State 1:Permit 0:No Permit,"",Permanent,"",""
2701-PM-1215_FAULT.MCU,226,1,BOOL,2,Read,MCU.2701-PM-1215 - Slop Drum HC Pump_General Fault 1:Fault 0:Normal,"",Permanent,"",""
2701-PM-1215_STA.MCU,227,1,BOOL,2,Read,MCU.2701-PM-1215 - Slop Drum HC Pump_Motor Operation 1:Running 0:Stopped,"",Permanent,"",""
2701-PM-1215_EM_STOP.MCU,228,1,BOOL,2,Read,MCU.2701-PM-1215 - Slop Drum HC Pump_Emergency shutdown 1:Emergency shutdown 0:Normal,"",Permanent,"",""
2701-PM-1215_SWITCH_ON.MCU,229,1,BOOL,2,Read,MCU.2701-PM-1215 - Slop Drum HC Pump_MCCB Closed 1:Closed Position 0:Open Position,"",Permanent,"",""
2701-PM-1215_MCCB POSITION.MCU,230,1,BOOL,2,Read,MCU.2701-PM-1215 - Slop Drum HC Pump_MCCB Working Position 1:Working Position 0:Test Position,"",Permanent,"",""
2701-PM-1215_REDAY.MCU,231,1,BOOL,2,Read,MCU.2701-PM-1215 - Slop Drum HC Pump_Motor Ready 1:Ready 0:Not Ready,"",Permanent,"",""
2701-PM-1701A_TX.MCU,232,1,BOOL,2,Read,MCU.2701-PM-1701A - TBC Solution Dosing pump_Communication Status 1:Communication Normal 0:Communication Interrupted,"",Permanent,"",""
2701-PM-1701A_PERMIT.MCU,233,1,BOOL,2,Read,MCU.2701-PM-1701A - TBC Solution Dosing pump_Permitted State 1:Permit 0:No Permit,"",Permanent,"",""
2701-PM-1701A_FAULT.MCU,234,1,BOOL,2,Read,MCU.2701-PM-1701A - TBC Solution Dosing pump_General Fault 1:Fault 0:Normal,"",Permanent,"",""
2701-PM-1701A_STA.MCU,235,1,BOOL,2,Read,MCU.2701-PM-1701A - TBC Solution Dosing pump_Motor Operation 1:Running 0:Stopped,"",Permanent,"",""
2701-PM-1701A_EM_STOP.MCU,236,1,BOOL,2,Read,MCU.2701-PM-1701A - TBC Solution Dosing pump_Emergency shutdown 1:Emergency shutdown 0:Normal,"",Permanent,"",""
2701-PM-1701A_SWITCH_ON.MCU,237,1,BOOL,2,Read,MCU.2701-PM-1701A - TBC Solution Dosing pump_MCCB Closed 1:Closed Position 0:Open Position,"",Permanent,"",""
2701-PM-1701A_MCCB POSITION.MCU,238,1,BOOL,2,Read,MCU.2701-PM-1701A - TBC Solution Dosing pump_MCCB Working Position 1:Working Position 0:Test Position,"",Permanent,"",""
2701-PM-1701A_REDAY.MCU,239,1,BOOL,2,Read,MCU.2701-PM-1701A - TBC Solution Dosing pump_Motor Ready 1:Ready 0:Not Ready,"",Permanent,"",""
2701-AGM-1701_TX.MCU,240,1,BOOL,2,Read,MCU.2701-AGM-1701 - TBC Solution StorageDrum 2701-V-1701Agitator_Communication Status 1:Communication Normal 0:Communication Interrupted,"",Permanent,"",""
2701-AGM-1701_PERMIT.MCU,241,1,BOOL,2,Read,MCU.2701-AGM-1701 - TBC Solution StorageDrum 2701-V-1701Agitator_Permitted State 1:Permit 0:No Permit,"",Permanent,"",""
2701-AGM-1701_FAULT.MCU,242,1,BOOL,2,Read,MCU.2701-AGM-1701 - TBC Solution StorageDrum 2701-V-1701Agitator_General Fault 1:Fault 0:Normal,"",Permanent,"",""
2701-AGM-1701_STA.MCU,243,1,BOOL,2,Read,MCU.2701-AGM-1701 - TBC Solution StorageDrum 2701-V-1701Agitator_Motor Operation 1:Running 0:Stopped,"",Permanent,"",""
2701-AGM-1701_EM_STOP.MCU,244,1,BOOL,2,Read,MCU.2701-AGM-1701 - TBC Solution StorageDrum 2701-V-1701Agitator_Emergency shutdown 1:Emergency shutdown 0:Normal,"",Permanent,"",""
2701-AGM-1701_SWITCH_ON.MCU,245,1,BOOL,2,Read,MCU.2701-AGM-1701 - TBC Solution StorageDrum 2701-V-1701Agitator_MCCB Closed 1:Closed Position 0:Open Position,"",Permanent,"",""
2701-AGM-1701_MCCB POSITION.MCU,246,1,BOOL,2,Read,MCU.2701-AGM-1701 - TBC Solution StorageDrum 2701-V-1701Agitator_MCCB Working Position 1:Working Position 0:Test Position,"",Permanent,"",""
2701-AGM-1701_REDAY.MCU,247,1,BOOL,2,Read,MCU.2701-AGM-1701 - TBC Solution StorageDrum 2701-V-1701Agitator_Motor Ready 1:Ready 0:Not Ready,"",Permanent,"",""
2701-PM-1206A_TX.MCU,248,1,BOOL,2,Read,MCU.2701-PM-1206A - Benzene-Toluene FractionTransfer Pump_Communication Status 1:Communication Normal 0:Communication Interrupted,"",Permanent,"",""
2701-PM-1206A_PERMIT.MCU,249,1,BOOL,2,Read,MCU.2701-PM-1206A - Benzene-Toluene FractionTransfer Pump_Permitted State 1:Permit 0:No Permit,"",Permanent,"",""
2701-PM-1206A_FAULT.MCU,250,1,BOOL,2,Read,MCU.2701-PM-1206A - Benzene-Toluene FractionTransfer Pump_General Fault 1:Fault 0:Normal,"",Permanent,"",""
2701-PM-1206A_STA.MCU,251,1,BOOL,2,Read,MCU.2701-PM-1206A - Benzene-Toluene FractionTransfer Pump_Motor Operation 1:Running 0:Stopped,"",Permanent,"",""
2701-PM-1206A_EM_STOP.MCU,252,1,BOOL,2,Read,MCU.2701-PM-1206A - Benzene-Toluene FractionTransfer Pump_Emergency shutdown 1:Emergency shutdown 0:Normal,"",Permanent,"",""
2701-PM-1206A_SWITCH_ON.MCU,253,1,BOOL,2,Read,MCU.2701-PM-1206A - Benzene-Toluene FractionTransfer Pump_MCCB Closed 1:Closed Position 0:Open Position,"",Permanent,"",""
2701-PM-1206A_MCCB POSITION.MCU,254,1,BOOL,2,Read,MCU.2701-PM-1206A - Benzene-Toluene FractionTransfer Pump_MCCB Working Position 1:Working Position 0:Test Position,"",Permanent,"",""
2701-PM-1206A_REDAY.MCU,255,1,BOOL,2,Read,MCU.2701-PM-1206A - Benzene-Toluene FractionTransfer Pump_Motor Ready 1:Ready 0:Not Ready,"",Permanent,"",""
2202-NK-SG-102-A.11OC_8_TX.MCU,256,1,BOOL,2,Read,MCU.2202-NK-SG-102-A.11OC_8 - SPARE_Communication Status 1:Communication Normal 0:Communication Interrupted,"",Permanent,"",""
2202-NK-SG-102-A.11OC_8_PERMIT.MCU,257,1,BOOL,2,Read,MCU.2202-NK-SG-102-A.11OC_8 - SPARE_Permitted State 1:Permit 0:No Permit,"",Permanent,"",""
2202-NK-SG-102-A.11OC_8_FAULT.MCU,258,1,BOOL,2,Read,MCU.2202-NK-SG-102-A.11OC_8 - SPARE_General Fault 1:Fault 0:Normal,"",Permanent,"",""
2202-NK-SG-102-A.11OC_8_STA.MCU,259,1,BOOL,2,Read,MCU.2202-NK-SG-102-A.11OC_8 - SPARE_Motor Operation 1:Running 0:Stopped,"",Permanent,"",""
2202-NK-SG-102-A.11OC_8_EM_STOP.MCU,260,1,BOOL,2,Read,MCU.2202-NK-SG-102-A.11OC_8 - SPARE_Emergency shutdown 1:Emergency shutdown 0:Normal,"",Permanent,"",""
2202-NK-SG-102-A.11OC_8_SWITCH_ON.MCU,261,1,BOOL,2,Read,MCU.2202-NK-SG-102-A.11OC_8 - SPARE_MCCB Closed 1:Closed Position 0:Open Position,"",Permanent,"",""
2202-NK-SG-102-A.11OC_8_MCCB POSITION.MCU,262,1,BOOL,2,Read,MCU.2202-NK-SG-102-A.11OC_8 - SPARE_MCCB Working Position 1:Working Position 0:Test Position,"",Permanent,"",""
2202-NK-SG-102-A.11OC_8_REDAY.MCU,263,1,BOOL,2,Read,MCU.2202-NK-SG-102-A.11OC_8 - SPARE_Motor Ready 1:Ready 0:Not Ready,"",Permanent,"",""
1130-PM-301A_TX.MCU,264,1,BOOL,2,Read,MCU.1130-PM-301A - DM Pump_Communication Status 1:Communication Normal 0:Communication Interrupted,"",Permanent,"",""
1130-PM-301A_EM_STOP.MCU,265,1,BOOL,2,Read,MCU.1130-PM-301A - DM Pump_Emergency shutdown 1:Emergency shutdown 0:Normal,"",Permanent,"",""
1130-PM-303A_TX.MCU,266,1,BOOL,2,Read,MCU.1130-PM-303A - Condensate Stripper Bottom Pump_Communication Status 1:Communication Normal 0:Communication Interrupted,"",Permanent,"",""
1130-PM-303A_EM_STOP.MCU,267,1,BOOL,2,Read,MCU.1130-PM-303A - Condensate Stripper Bottom Pump_Emergency shutdown 1:Emergency shutdown 0:Normal,"",Permanent,"",""
1612-PM-606A_TX.MCU,268,1,BOOL,2,Read,MCU.1612-PM-606A - LLP Condensate Pump_Communication Status 1:Communication Normal 0:Communication Interrupted,"",Permanent,"",""
1612-PM-606A_EM_STOP.MCU,269,1,BOOL,2,Read,MCU.1612-PM-606A - LLP Condensate Pump_Emergency shutdown 1:Emergency shutdown 0:Normal,"",Permanent,"",""
2701-PM-1202A_TX.MCU,270,1,BOOL,2,Read,MCU.2701-PM-1202A - Ethylbenzene transfer pump_Communication Status 1:Communication Normal 0:Communication Interrupted,"",Permanent,"",""
2701-PM-1202A_EM_STOP.MCU,271,1,BOOL,2,Read,MCU.2701-PM-1202A - Ethylbenzene transfer pump_Emergency shutdown 1:Emergency shutdown 0:Normal,"",Permanent,"",""
2701-PM-1201A_TX.MCU,272,1,BOOL,2,Read,MCU.2701-PM-1201A - Benzene transfer pump_Communication Status 1:Communication Normal 0:Communication Interrupted,"",Permanent,"",""
2701-PM-1201A_EM_STOP.MCU,273,1,BOOL,2,Read,MCU.2701-PM-1201A - Benzene transfer pump_Emergency shutdown 1:Emergency shutdown 0:Normal,"",Permanent,"",""
2701-PM-1204A_TX.MCU,274,1,BOOL,2,Read,MCU.2701-PM-1204A - DM Transfer Pump_Communication Status 1:Communication Normal 0:Communication Interrupted,"",Permanent,"",""
2701-PM-1204A_EM_STOP.MCU,275,1,BOOL,2,Read,MCU.2701-PM-1204A - DM Transfer Pump_Emergency shutdown 1:Emergency shutdown 0:Normal,"",Permanent,"",""
2701-PM-1203_TX.MCU,276,1,BOOL,2,Read,MCU.2701-PM-1203 - Off-Spec EB Transfer Pump_Communication Status 1:Communication Normal 0:Communication Interrupted,"",Permanent,"",""
2701-PM-1203_EM_STOP.MCU,277,1,BOOL,2,Read,MCU.2701-PM-1203 - Off-Spec EB Transfer Pump_Emergency shutdown 1:Emergency shutdown 0:Normal,"",Permanent,"",""
2701-PM-1207A_TX.MCU,278,1,BOOL,2,Read,MCU.2701-PM-1207A - Heavy Tar Loading Pump_Communication Status 1:Communication Normal 0:Communication Interrupted,"",Permanent,"",""
2701-PM-1207A_EM_STOP.MCU,279,1,BOOL,2,Read,MCU.2701-PM-1207A - Heavy Tar Loading Pump_Emergency shutdown 1:Emergency shutdown 0:Normal,"",Permanent,"",""
2701-PM-1205B_TX.MCU,280,1,BOOL,2,Read,MCU.2701-PM-1205B - SM Transfer Pump_Communication Status 1:Communication Normal 0:Communication Interrupted,"",Permanent,"",""
2701-PM-1205B_EM_STOP.MCU,281,1,BOOL,2,Read,MCU.2701-PM-1205B - SM Transfer Pump_Emergency shutdown 1:Emergency shutdown 0:Normal,"",Permanent,"",""
2202-NK-SG-102-A.SS01_1_PLC_TX.PLC,282,1,BOOL,2,Read,PLC.2202-NK-SG-102-A.SS01_1 - inlet switch+SOFT STARTER_SSR PLC Communication Status 1:Communication Normal 0:Communication Interrupted,"",Permanent,"",""
1130-PM-301A_M1_PERMIT.PLC,283,1,BOOL,2,Read,PLC.1130-PM-301A - DM Pump_Circuit 1_Permitted State 1:Permit 0:Not Permit,"",Permanent,"",""
1130-PM-301A_Q1_READY.PLC,284,1,BOOL,2,Read,PLC.1130-PM-301A - DM Pump_Circuit 1_Q1_Ready 1:Ready 0:Not Ready,"",Permanent,"",""
1130-PM-301A_Q1_BYPS.PLC,285,1,BOOL,2,Read,PLC.1130-PM-301A - DM Pump_Circuit 1_Q1_Motor 1 Operation 1:Running 0:Stopped,"",Permanent,"",""
1130-PM-301A_Q1_F.PLC,286,1,BOOL,2,Read,PLC.1130-PM-301A - DM Pump_Circuit 1_Q1_Motor 1 Fault 1:Fault 0:Normal,"",Permanent,"",""
1130-PM-301A_QF1_ATUO.PLC,287,1,BOOL,2,Read,PLC.1130-PM-301A - DM Pump_Circuit 1_Q1_Remote_Local 1:Remote 0:Local,"",Permanent,"",""
1130-PM-301A_QF1_STA.PLC,288,1,BOOL,2,Read,PLC.1130-PM-301A - DM Pump_Circuit 1_QF1_Switch Closing 1:Closed 0:Open,"",Permanent,"",""
1130-PM-303A_M2_PERMIT.PLC,289,1,BOOL,2,Read,PLC.1130-PM-303A - Condensate Stripper Bottom Pump_Circuit 2_Permitted State 1:Permit 0:Not Permit,"",Permanent,"",""
1130-PM-303A_Q2_READY.PLC,290,1,BOOL,2,Read,PLC.1130-PM-303A - Condensate Stripper Bottom Pump_Circuit 2_Q2_Ready 1:Ready 0:Not Ready,"",Permanent,"",""
1130-PM-303A_Q2_BYPS.PLC,291,1,BOOL,2,Read,PLC.1130-PM-303A - Condensate Stripper Bottom Pump_Circuit 2_Q2_Motor 2 Operation 1:Running 0:Stopped,"",Permanent,"",""
1130-PM-303A_Q2_F.PLC,292,1,BOOL,2,Read,PLC.1130-PM-303A - Condensate Stripper Bottom Pump_Circuit 2_Q2_Motor 2 Fault 1:Fault 0:Normal,"",Permanent,"",""
1130-PM-303A_QF2_ATUO.PLC,293,1,BOOL,2,Read,PLC.1130-PM-303A - Condensate Stripper Bottom Pump_Circuit 2_Q2_Remote_Local 1:Remote 0:Local,"",Permanent,"",""
1130-PM-303A_QF2_STA.PLC,294,1,BOOL,2,Read,PLC.1130-PM-303A - Condensate Stripper Bottom Pump_Circuit 2_QF2_Switch Closing 1:Closed 0:Open,"",Permanent,"",""
1612-PM-606A_M3_PERMIT.PLC,295,1,BOOL,2,Read,PLC.1612-PM-606A - LLP Condensate Pump_Circuit 3_Permitted State 1:Permit 0:Not Permit,"",Permanent,"",""
1612-PM-606A_Q3_READY.PLC,296,1,BOOL,2,Read,PLC.1612-PM-606A - LLP Condensate Pump_Circuit 3_Q3_Ready 1:Ready 0:Not Ready,"",Permanent,"",""
1612-PM-606A_Q3_BYPS.PLC,297,1,BOOL,2,Read,PLC.1612-PM-606A - LLP Condensate Pump_Circuit 3_Q3_Motor 3 Operation 1:Running 0:Stopped,"",Permanent,"",""
1612-PM-606A_Q3_F.PLC,298,1,BOOL,2,Read,PLC.1612-PM-606A - LLP Condensate Pump_Circuit 3_Q3_Motor 3 Fault 1:Fault 0:Normal,"",Permanent,"",""
1612-PM-606A_QF3_ATUO.PLC,299,1,BOOL,2,Read,PLC.1612-PM-606A - LLP Condensate Pump_Circuit 3_Q3_Remote_Local 1:Remote 0:Local,"",Permanent,"",""
1612-PM-606A_QF3_STA.PLC,300,1,BOOL,2,Read,PLC.1612-PM-606A - LLP Condensate Pump_Circuit 3_QF3_Switch Closing 1:Closed 0:Open,"",Permanent,"",""
2202-NK-SG-102-A.SS03_1_PLC_TX.PLC,301,1,BOOL,2,Read,PLC.2202-NK-SG-102-A.SS03_1 - inlet switch+SOFT STARTER_SSR PLC Communication Status 1:Communication Normal 0:Communication Interrupted,"",Permanent,"",""
2701-PM-1202A_M1_PERMIT.PLC,302,1,BOOL,2,Read,PLC.2701-PM-1202A - Ethylbenzene transfer pump_Circuit 1_Permitted State 1:Permit 0:Not Permit,"",Permanent,"",""
2701-PM-1202A_Q1_READY.PLC,303,1,BOOL,2,Read,PLC.2701-PM-1202A - Ethylbenzene transfer pump_Circuit 1_Q1_Ready 1:Ready 0:Not Ready,"",Permanent,"",""
2701-PM-1202A_Q1_BYPS.PLC,304,1,BOOL,2,Read,PLC.2701-PM-1202A - Ethylbenzene transfer pump_Circuit 1_Q1_Motor 1 Operation 1:Running 0:Stopped,"",Permanent,"",""
2701-PM-1202A_Q1_F.PLC,305,1,BOOL,2,Read,PLC.2701-PM-1202A - Ethylbenzene transfer pump_Circuit 1_Q1_Motor 1 Fault 1:Fault 0:Normal,"",Permanent,"",""
2701-PM-1202A_QF1_ATUO.PLC,306,1,BOOL,2,Read,PLC.2701-PM-1202A - Ethylbenzene transfer pump_Circuit 1_Q1_Remote_Local 1:Remote 0:Local,"",Permanent,"",""
2701-PM-1202A_QF1_STA.PLC,307,1,BOOL,2,Read,PLC.2701-PM-1202A - Ethylbenzene transfer pump_Circuit 1_QF1_Switch Closing 1:Closed 0:Open,"",Permanent,"",""
2701-PM-1201A_M2_PERMIT.PLC,308,1,BOOL,2,Read,PLC.2701-PM-1201A - Benzene transfer pump_Circuit 2_Permitted State 1:Permit 0:Not Permit,"",Permanent,"",""
2701-PM-1201A_Q2_READY.PLC,309,1,BOOL,2,Read,PLC.2701-PM-1201A - Benzene transfer pump_Circuit 2_Q2_Ready 1:Ready 0:Not Ready,"",Permanent,"",""
2701-PM-1201A_Q2_BYPS.PLC,310,1,BOOL,2,Read,PLC.2701-PM-1201A - Benzene transfer pump_Circuit 2_Q2_Motor 2 Operation 1:Running 0:Stopped,"",Permanent,"",""
2701-PM-1201A_Q2_F.PLC,311,1,BOOL,2,Read,PLC.2701-PM-1201A - Benzene transfer pump_Circuit 2_Q2_Motor 2 Fault 1:Fault 0:Normal,"",Permanent,"",""
2701-PM-1201A_QF2_ATUO.PLC,312,1,BOOL,2,Read,PLC.2701-PM-1201A - Benzene transfer pump_Circuit 2_Q2_Remote_Local 1:Remote 0:Local,"",Permanent,"",""
2701-PM-1201A_QF2_STA.PLC,313,1,BOOL,2,Read,PLC.2701-PM-1201A - Benzene transfer pump_Circuit 2_QF2_Switch Closing 1:Closed 0:Open,"",Permanent,"",""
2701-PM-1204A_M3_PERMIT.PLC,314,1,BOOL,2,Read,PLC.2701-PM-1204A - DM Transfer Pump_Circuit 3_Permitted State 1:Permit 0:Not Permit,"",Permanent,"",""
2701-PM-1204A_Q3_READY.PLC,315,1,BOOL,2,Read,PLC.2701-PM-1204A - DM Transfer Pump_Circuit 3_Q3_Ready 1:Ready 0:Not Ready,"",Permanent,"",""
2701-PM-1204A_Q3_BYPS.PLC,316,1,BOOL,2,Read,PLC.2701-PM-1204A - DM Transfer Pump_Circuit 3_Q3_Motor 3 Operation 1:Running 0:Stopped,"",Permanent,"",""
2701-PM-1204A_Q3_F.PLC,317,1,BOOL,2,Read,PLC.2701-PM-1204A - DM Transfer Pump_Circuit 3_Q3_Motor 3 Fault 1:Fault 0:Normal,"",Permanent,"",""
2701-PM-1204A_QF3_ATUO.PLC,318,1,BOOL,2,Read,PLC.2701-PM-1204A - DM Transfer Pump_Circuit 3_Q3_Remote_Local 1:Remote 0:Local,"",Permanent,"",""
2701-PM-1204A_QF3_STA.PLC,319,1,BOOL,2,Read,PLC.2701-PM-1204A - DM Transfer Pump_Circuit 3_QF3_Switch Closing 1:Closed 0:Open,"",Permanent,"",""
2202-NK-SG-102-A.SS05_1_PLC_TX.PLC,320,1,BOOL,2,Read,PLC.2202-NK-SG-102-A.SS05_1 - inlet switch+SOFT STARTER_SSR PLC Communication Status 1:Communication Normal 0:Communication Interrupted,"",Permanent,"",""
2701-PM-1203_M1_PERMIT.PLC,321,1,BOOL,2,Read,PLC.2701-PM-1203 - Off-Spec EB Transfer Pump_Circuit 1_Permitted State 1:Permit 0:Not Permit,"",Permanent,"",""
2701-PM-1203_Q1_READY.PLC,322,1,BOOL,2,Read,PLC.2701-PM-1203 - Off-Spec EB Transfer Pump_Circuit 1_Q1_Ready 1:Ready 0:Not Ready,"",Permanent,"",""
2701-PM-1203_Q1_BYPS.PLC,323,1,BOOL,2,Read,PLC.2701-PM-1203 - Off-Spec EB Transfer Pump_Circuit 1_Q1_Motor 1 Operation 1:Running 0:Stopped,"",Permanent,"",""
2701-PM-1203_Q1_F.PLC,324,1,BOOL,2,Read,PLC.2701-PM-1203 - Off-Spec EB Transfer Pump_Circuit 1_Q1_Motor 1 Fault 1:Fault 0:Normal,"",Permanent,"",""
2701-PM-1203_QF1_ATUO.PLC,325,1,BOOL,2,Read,PLC.2701-PM-1203 - Off-Spec EB Transfer Pump_Circuit 1_Q1_Remote_Local 1:Remote 0:Local,"",Permanent,"",""
2701-PM-1203_QF1_STA.PLC,326,1,BOOL,2,Read,PLC.2701-PM-1203 - Off-Spec EB Transfer Pump_Circuit 1_QF1_Switch Closing 1:Closed 0:Open,"",Permanent,"",""
2701-PM-1207A_M2_PERMIT.PLC,327,1,BOOL,2,Read,PLC.2701-PM-1207A - Heavy Tar Loading Pump_Circuit 2_Permitted State 1:Permit 0:Not Permit,"",Permanent,"",""
2701-PM-1207A_Q2_READY.PLC,328,1,BOOL,2,Read,PLC.2701-PM-1207A - Heavy Tar Loading Pump_Circuit 2_Q2_Ready 1:Ready 0:Not Ready,"",Permanent,"",""
2701-PM-1207A_Q2_BYPS.PLC,329,1,BOOL,2,Read,PLC.2701-PM-1207A - Heavy Tar Loading Pump_Circuit 2_Q2_Motor 2 Operation 1:Running 0:Stopped,"",Permanent,"",""
2701-PM-1207A_Q2_F.PLC,330,1,BOOL,2,Read,PLC.2701-PM-1207A - Heavy Tar Loading Pump_Circuit 2_Q2_Motor 2 Fault 1:Fault 0:Normal,"",Permanent,"",""
2701-PM-1207A_QF2_ATUO.PLC,331,1,BOOL,2,Read,PLC.2701-PM-1207A - Heavy Tar Loading Pump_Circuit 2_Q2_Remote_Local 1:Remote 0:Local,"",Permanent,"",""
2701-PM-1207A_QF2_STA.PLC,332,1,BOOL,2,Read,PLC.2701-PM-1207A - Heavy Tar Loading Pump_Circuit 2_QF2_Switch Closing 1:Closed 0:Open,"",Permanent,"",""
2701-PM-1205B_M3_PERMIT.PLC,333,1,BOOL,2,Read,PLC.2701-PM-1205B - SM Transfer Pump_Circuit 3_Permitted State 1:Permit 0:Not Permit,"",Permanent,"",""
2701-PM-1205B_Q3_READY.PLC,334,1,BOOL,2,Read,PLC.2701-PM-1205B - SM Transfer Pump_Circuit 3_Q3_Ready 1:Ready 0:Not Ready,"",Permanent,"",""
2701-PM-1205B_Q3_BYPS.PLC,335,1,BOOL,2,Read,PLC.2701-PM-1205B - SM Transfer Pump_Circuit 3_Q3_Motor 3 Operation 1:Running 0:Stopped,"",Permanent,"",""
2701-PM-1205B_Q3_F.PLC,336,1,BOOL,2,Read,PLC.2701-PM-1205B - SM Transfer Pump_Circuit 3_Q3_Motor 3 Fault 1:Fault 0:Normal,"",Permanent,"",""
2701-PM-1205B_QF3_ATUO.PLC,337,1,BOOL,2,Read,PLC.2701-PM-1205B - SM Transfer Pump_Circuit 3_Q3_Remote_Local 1:Remote 0:Local,"",Permanent,"",""
2701-PM-1205B_QF3_STA.PLC,338,1,BOOL,2,Read,PLC.2701-PM-1205B - SM Transfer Pump_Circuit 3_QF3_Switch Closing 1:Closed 0:Open,"",Permanent,"",""
2701-PK-1201A-M_TX.VFD,339,1,BOOL,2,Read,VFD.2701-PK-1201A-M - ITF Waste Gas Fan_VFD Communication Status 1:Communication Normal 0:Communication Interrupted,"",Permanent,"",""
2701-PK-1201A-M_TX.PLC,340,1,BOOL,2,Read,PLC.2701-PK-1201A-M - ITF Waste Gas Fan_VFD PLC Communication Status 1:Communication Normal 0:Communication Interrupted,"",Permanent,"",""
2701-PK-1201A-M_PERMIT.PLC,341,1,BOOL,2,Read,PLC.2701-PK-1201A-M - ITF Waste Gas Fan_Permitted State 1:Permit 0:No Permit,"",Permanent,"",""
2701-PK-1201A-M_LOC_REM.PLC,342,1,BOOL,2,Read,PLC.2701-PK-1201A-M - ITF Waste Gas Fan_Remote_Local 1:Remote 0:Local,"",Permanent,"",""
2701-PK-1201A-M_STA.PLC,343,1,BOOL,2,Read,PLC.2701-PK-1201A-M - ITF Waste Gas Fan_Motor Operation 1:Running 0:Stopped,"",Permanent,"",""
2701-PK-1201A-M_REDAY.PLC,344,1,BOOL,2,Read,PLC.2701-PK-1201A-M - ITF Waste Gas Fan_Motor ALLReady 1:Ready 0:Not Ready,"",Permanent,"",""
2701-PK-1201A-M_SWITCH_ON.PLC,345,1,BOOL,2,Read,PLC.2701-PK-1201A-M - ITF Waste Gas Fan_MCCB Closed 1:Closed Position 0:Open Position,"",Permanent,"",""
2701-PK-1201A-M_DOORSTA.PLC,346,1,BOOL,2,Read,PLC.2701-PK-1201A-M - ITF Waste Gas Fan_Cabinet Door Closed 1:Cabinet Door Closed 0:Open,"",Permanent,"",""
2701-PK-1201A-M_FAULT.PLC,347,1,BOOL,2,Read,PLC.2701-PK-1201A-M - ITF Waste Gas Fan_General Fault 1:Fault 0:Normal,"",Permanent,"",""
2701-PK-1201A-M_EM_STOP.PLC,348,1,BOOL,2,Read,PLC.2701-PK-1201A-M - ITF Waste Gas Fan_Emergency shutdown 1:Emergency shutdown 0:Normal,"",Permanent,"",""
1115-PM-101B_TX.MCU,349,1,BOOL,2,Read,MCU.1115-PM-101B - R-101 Recycle Pumps_Communication Status 1:Communication Normal 0:Communication Interrupted,"",Permanent,"",""
1115-PM-101B_PERMIT.MCU,350,1,BOOL,2,Read,MCU.1115-PM-101B - R-101 Recycle Pumps_Permitted State 1:Permit 0:No Permit,"",Permanent,"",""
1115-PM-101B_FAULT.MCU,351,1,BOOL,2,Read,MCU.1115-PM-101B - R-101 Recycle Pumps_General Fault 1:Fault 0:Normal,"",Permanent,"",""
1115-PM-101B_STA.MCU,352,1,BOOL,2,Read,MCU.1115-PM-101B - R-101 Recycle Pumps_Motor Operation 1:Running 0:Stopped,"",Permanent,"",""
1115-PM-101B_EM_STOP.MCU,353,1,BOOL,2,Read,MCU.1115-PM-101B - R-101 Recycle Pumps_Emergency shutdown 1:Emergency shutdown 0:Normal,"",Permanent,"",""
1115-PM-101B_SWITCH_ON.MCU,354,1,BOOL,2,Read,MCU.1115-PM-101B - R-101 Recycle Pumps_MCCB Closed 1:Closed Position 0:Open Position,"",Permanent,"",""
1115-PM-101B_MCCB POSITION.MCU,355,1,BOOL,2,Read,MCU.1115-PM-101B - R-101 Recycle Pumps_MCCB Working Position 1:Working Position 0:Test Position,"",Permanent,"",""
1115-PM-101B_REDAY.MCU,356,1,BOOL,2,Read,MCU.1115-PM-101B - R-101 Recycle Pumps_Motor Ready 1:Ready 0:Not Ready,"",Permanent,"",""
1630-PM-214B_TX.MCU,357,1,BOOL,2,Read,MCU.1630-PM-214B - HP Flare K.O.Drum Pump_Communication Status 1:Communication Normal 0:Communication Interrupted,"",Permanent,"",""
1630-PM-214B_PERMIT.MCU,358,1,BOOL,2,Read,MCU.1630-PM-214B - HP Flare K.O.Drum Pump_Permitted State 1:Permit 0:No Permit,"",Permanent,"",""
1630-PM-214B_FAULT.MCU,359,1,BOOL,2,Read,MCU.1630-PM-214B - HP Flare K.O.Drum Pump_General Fault 1:Fault 0:Normal,"",Permanent,"",""
1630-PM-214B_STA.MCU,360,1,BOOL,2,Read,MCU.1630-PM-214B - HP Flare K.O.Drum Pump_Motor Operation 1:Running 0:Stopped,"",Permanent,"",""
1630-PM-214B_EM_STOP.MCU,361,1,BOOL,2,Read,MCU.1630-PM-214B - HP Flare K.O.Drum Pump_Emergency shutdown 1:Emergency shutdown 0:Normal,"",Permanent,"",""
1630-PM-214B_SWITCH_ON.MCU,362,1,BOOL,2,Read,MCU.1630-PM-214B - HP Flare K.O.Drum Pump_MCCB Closed 1:Closed Position 0:Open Position,"",Permanent,"",""
1630-PM-214B_MCCB POSITION.MCU,363,1,BOOL,2,Read,MCU.1630-PM-214B - HP Flare K.O.Drum Pump_MCCB Working Position 1:Working Position 0:Test Position,"",Permanent,"",""
1630-PM-214B_REDAY.MCU,364,1,BOOL,2,Read,MCU.1630-PM-214B - HP Flare K.O.Drum Pump_Motor Ready 1:Ready 0:Not Ready,"",Permanent,"",""
1630-PM-605B_TX.MCU,365,1,BOOL,2,Read,MCU.1630-PM-605B - LP Flare K.O.Drum Pump_Communication Status 1:Communication Normal 0:Communication Interrupted,"",Permanent,"",""
1630-PM-605B_PERMIT.MCU,366,1,BOOL,2,Read,MCU.1630-PM-605B - LP Flare K.O.Drum Pump_Permitted State 1:Permit 0:No Permit,"",Permanent,"",""
1630-PM-605B_FAULT.MCU,367,1,BOOL,2,Read,MCU.1630-PM-605B - LP Flare K.O.Drum Pump_General Fault 1:Fault 0:Normal,"",Permanent,"",""
1630-PM-605B_STA.MCU,368,1,BOOL,2,Read,MCU.1630-PM-605B - LP Flare K.O.Drum Pump_Motor Operation 1:Running 0:Stopped,"",Permanent,"",""
1630-PM-605B_EM_STOP.MCU,369,1,BOOL,2,Read,MCU.1630-PM-605B - LP Flare K.O.Drum Pump_Emergency shutdown 1:Emergency shutdown 0:Normal,"",Permanent,"",""
1630-PM-605B_SWITCH_ON.MCU,370,1,BOOL,2,Read,MCU.1630-PM-605B - LP Flare K.O.Drum Pump_MCCB Closed 1:Closed Position 0:Open Position,"",Permanent,"",""
1630-PM-605B_MCCB POSITION.MCU,371,1,BOOL,2,Read,MCU.1630-PM-605B - LP Flare K.O.Drum Pump_MCCB Working Position 1:Working Position 0:Test Position,"",Permanent,"",""
1630-PM-605B_REDAY.MCU,372,1,BOOL,2,Read,MCU.1630-PM-605B - LP Flare K.O.Drum Pump_Motor Ready 1:Ready 0:Not Ready,"",Permanent,"",""
1130-PM-305B_TX.MCU,373,1,BOOL,2,Read,MCU.1130-PM-305B - Offgas Absorber Bottom Pump_Communication Status 1:Communication Normal 0:Communication Interrupted,"",Permanent,"",""
1130-PM-305B_PERMIT.MCU,374,1,BOOL,2,Read,MCU.1130-PM-305B - Offgas Absorber Bottom Pump_Permitted State 1:Permit 0:No Permit,"",Permanent,"",""
1130-PM-305B_FAULT.MCU,375,1,BOOL,2,Read,MCU.1130-PM-305B - Offgas Absorber Bottom Pump_General Fault 1:Fault 0:Normal,"",Permanent,"",""
1130-PM-305B_STA.MCU,376,1,BOOL,2,Read,MCU.1130-PM-305B - Offgas Absorber Bottom Pump_Motor Operation 1:Running 0:Stopped,"",Permanent,"",""
1130-PM-305B_EM_STOP.MCU,377,1,BOOL,2,Read,MCU.1130-PM-305B - Offgas Absorber Bottom Pump_Emergency shutdown 1:Emergency shutdown 0:Normal,"",Permanent,"",""
1130-PM-305B_SWITCH_ON.MCU,378,1,BOOL,2,Read,MCU.1130-PM-305B - Offgas Absorber Bottom Pump_MCCB Closed 1:Closed Position 0:Open Position,"",Permanent,"",""
1130-PM-305B_MCCB POSITION.MCU,379,1,BOOL,2,Read,MCU.1130-PM-305B - Offgas Absorber Bottom Pump_MCCB Working Position 1:Working Position 0:Test Position,"",Permanent,"",""
1130-PM-305B_REDAY.MCU,380,1,BOOL,2,Read,MCU.1130-PM-305B - Offgas Absorber Bottom Pump_Motor Ready 1:Ready 0:Not Ready,"",Permanent,"",""
1130-PM-306B_TX.MCU,381,1,BOOL,2,Read,MCU.1130-PM-306B - Rich Oil Stripper Bottom Pump_Communication Status 1:Communication Normal 0:Communication Interrupted,"",Permanent,"",""
1130-PM-306B_PERMIT.MCU,382,1,BOOL,2,Read,MCU.1130-PM-306B - Rich Oil Stripper Bottom Pump_Permitted State 1:Permit 0:No Permit,"",Permanent,"",""
1130-PM-306B_FAULT.MCU,383,1,BOOL,2,Read,MCU.1130-PM-306B - Rich Oil Stripper Bottom Pump_General Fault 1:Fault 0:Normal,"",Permanent,"",""
1130-PM-306B_STA.MCU,384,1,BOOL,2,Read,MCU.1130-PM-306B - Rich Oil Stripper Bottom Pump_Motor Operation 1:Running 0:Stopped,"",Permanent,"",""
1130-PM-306B_EM_STOP.MCU,385,1,BOOL,2,Read,MCU.1130-PM-306B - Rich Oil Stripper Bottom Pump_Emergency shutdown 1:Emergency shutdown 0:Normal,"",Permanent,"",""
1130-PM-306B_SWITCH_ON.MCU,386,1,BOOL,2,Read,MCU.1130-PM-306B - Rich Oil Stripper Bottom Pump_MCCB Closed 1:Closed Position 0:Open Position,"",Permanent,"",""
1130-PM-306B_MCCB POSITION.MCU,387,1,BOOL,2,Read,MCU.1130-PM-306B - Rich Oil Stripper Bottom Pump_MCCB Working Position 1:Working Position 0:Test Position,"",Permanent,"",""
1130-PM-306B_REDAY.MCU,388,1,BOOL,2,Read,MCU.1130-PM-306B - Rich Oil Stripper Bottom Pump_Motor Ready 1:Ready 0:Not Ready,"",Permanent,"",""
1130-BLM-331B_TX.MCU,389,1,BOOL,2,Read,MCU.1130-BLM-331B - Oil station fans_Communication Status 1:Communication Normal 0:Communication Interrupted,"",Permanent,"",""
1130-BLM-331B_PERMIT.MCU,390,1,BOOL,2,Read,MCU.1130-BLM-331B - Oil station fans_Permitted State 1:Permit 0:No Permit,"",Permanent,"",""
1130-BLM-331B_FAULT.MCU,391,1,BOOL,2,Read,MCU.1130-BLM-331B - Oil station fans_General Fault 1:Fault 0:Normal,"",Permanent,"",""
1130-BLM-331B_STA.MCU,392,1,BOOL,2,Read,MCU.1130-BLM-331B - Oil station fans_Motor Operation 1:Running 0:Stopped,"",Permanent,"",""
1130-BLM-331B_EM_STOP.MCU,393,1,BOOL,2,Read,MCU.1130-BLM-331B - Oil station fans_Emergency shutdown 1:Emergency shutdown 0:Normal,"",Permanent,"",""
1130-BLM-331B_SWITCH_ON.MCU,394,1,BOOL,2,Read,MCU.1130-BLM-331B - Oil station fans_MCCB Closed 1:Closed Position 0:Open Position,"",Permanent,"",""
1130-BLM-331B_MCCB POSITION.MCU,395,1,BOOL,2,Read,MCU.1130-BLM-331B - Oil station fans_MCCB Working Position 1:Working Position 0:Test Position,"",Permanent,"",""
1130-BLM-331B_REDAY.MCU,396,1,BOOL,2,Read,MCU.1130-BLM-331B - Oil station fans_Motor Ready 1:Ready 0:Not Ready,"",Permanent,"",""
1130-PM-302B_TX.MCU,397,1,BOOL,2,Read,MCU.1130-PM-302B - Process Condensate Pump_Communication Status 1:Communication Normal 0:Communication Interrupted,"",Permanent,"",""
1130-PM-302B_PERMIT.MCU,398,1,BOOL,2,Read,MCU.1130-PM-302B - Process Condensate Pump_Permitted State 1:Permit 0:No Permit,"",Permanent,"",""
1130-PM-302B_FAULT.MCU,399,1,BOOL,2,Read,MCU.1130-PM-302B - Process Condensate Pump_General Fault 1:Fault 0:Normal,"",Permanent,"",""
1130-PM-302B_STA.MCU,400,1,BOOL,2,Read,MCU.1130-PM-302B - Process Condensate Pump_Motor Operation 1:Running 0:Stopped,"",Permanent,"",""
1130-PM-302B_EM_STOP.MCU,401,1,BOOL,2,Read,MCU.1130-PM-302B - Process Condensate Pump_Emergency shutdown 1:Emergency shutdown 0:Normal,"",Permanent,"",""
1130-PM-302B_SWITCH_ON.MCU,402,1,BOOL,2,Read,MCU.1130-PM-302B - Process Condensate Pump_MCCB Closed 1:Closed Position 0:Open Position,"",Permanent,"",""
1130-PM-302B_MCCB POSITION.MCU,403,1,BOOL,2,Read,MCU.1130-PM-302B - Process Condensate Pump_MCCB Working Position 1:Working Position 0:Test Position,"",Permanent,"",""
1130-PM-302B_REDAY.MCU,404,1,BOOL,2,Read,MCU.1130-PM-302B - Process Condensate Pump_Motor Ready 1:Ready 0:Not Ready,"",Permanent,"",""
1612-PM-611B_TX.MCU,405,1,BOOL,2,Read,MCU.1612-PM-611B - Desuperheater Water Pump_Communication Status 1:Communication Normal 0:Communication Interrupted,"",Permanent,"",""
1612-PM-611B_PERMIT.MCU,406,1,BOOL,2,Read,MCU.1612-PM-611B - Desuperheater Water Pump_Permitted State 1:Permit 0:No Permit,"",Permanent,"",""
1612-PM-611B_FAULT.MCU,407,1,BOOL,2,Read,MCU.1612-PM-611B - Desuperheater Water Pump_General Fault 1:Fault 0:Normal,"",Permanent,"",""
1612-PM-611B_STA.MCU,408,1,BOOL,2,Read,MCU.1612-PM-611B - Desuperheater Water Pump_Motor Operation 1:Running 0:Stopped,"",Permanent,"",""
1612-PM-611B_EM_STOP.MCU,409,1,BOOL,2,Read,MCU.1612-PM-611B - Desuperheater Water Pump_Emergency shutdown 1:Emergency shutdown 0:Normal,"",Permanent,"",""
1612-PM-611B_SWITCH_ON.MCU,410,1,BOOL,2,Read,MCU.1612-PM-611B - Desuperheater Water Pump_MCCB Closed 1:Closed Position 0:Open Position,"",Permanent,"",""
1612-PM-611B_MCCB POSITION.MCU,411,1,BOOL,2,Read,MCU.1612-PM-611B - Desuperheater Water Pump_MCCB Working Position 1:Working Position 0:Test Position,"",Permanent,"",""
1612-PM-611B_REDAY.MCU,412,1,BOOL,2,Read,MCU.1612-PM-611B - Desuperheater Water Pump_Motor Ready 1:Ready 0:Not Ready,"",Permanent,"",""
1612-PM-001B_TX.MCU,413,1,BOOL,2,Read,MCU.1612-PM-001B - oil pump motor_Communication Status 1:Communication Normal 0:Communication Interrupted,"",Permanent,"",""
1612-PM-001B_PERMIT.MCU,414,1,BOOL,2,Read,MCU.1612-PM-001B - oil pump motor_Permitted State 1:Permit 0:No Permit,"",Permanent,"",""
1612-PM-001B_FAULT.MCU,415,1,BOOL,2,Read,MCU.1612-PM-001B - oil pump motor_General Fault 1:Fault 0:Normal,"",Permanent,"",""
1612-PM-001B_STA.MCU,416,1,BOOL,2,Read,MCU.1612-PM-001B - oil pump motor_Motor Operation 1:Running 0:Stopped,"",Permanent,"",""
1612-PM-001B_EM_STOP.MCU,417,1,BOOL,2,Read,MCU.1612-PM-001B - oil pump motor_Emergency shutdown 1:Emergency shutdown 0:Normal,"",Permanent,"",""
1612-PM-001B_SWITCH_ON.MCU,418,1,BOOL,2,Read,MCU.1612-PM-001B - oil pump motor_MCCB Closed 1:Closed Position 0:Open Position,"",Permanent,"",""
1612-PM-001B_MCCB POSITION.MCU,419,1,BOOL,2,Read,MCU.1612-PM-001B - oil pump motor_MCCB Working Position 1:Working Position 0:Test Position,"",Permanent,"",""
1612-PM-001B_REDAY.MCU,420,1,BOOL,2,Read,MCU.1612-PM-001B - oil pump motor_Motor Ready 1:Ready 0:Not Ready,"",Permanent,"",""
1612-P-611B.HE-JB_TX.MCU,421,1,BOOL,2,Read,MCU.1612-P-611B.HE-JB - Oil heater junction box_Communication Status 1:Communication Normal 0:Communication Interrupted,"",Permanent,"",""
1612-P-611B.HE-JB_PERMIT.MCU,422,1,BOOL,2,Read,MCU.1612-P-611B.HE-JB - Oil heater junction box_Permitted State 1:Permit 0:No Permit,"",Permanent,"",""
1612-P-611B.HE-JB_FAULT.MCU,423,1,BOOL,2,Read,MCU.1612-P-611B.HE-JB - Oil heater junction box_General Fault 1:Fault 0:Normal,"",Permanent,"",""
1612-P-611B.HE-JB_STA.MCU,424,1,BOOL,2,Read,MCU.1612-P-611B.HE-JB - Oil heater junction box_Motor Operation 1:Running 0:Stopped,"",Permanent,"",""
1612-P-611B.HE-JB_EM_STOP.MCU,425,1,BOOL,2,Read,MCU.1612-P-611B.HE-JB - Oil heater junction box_Emergency shutdown 1:Emergency shutdown 0:Normal,"",Permanent,"",""
1612-P-611B.HE-JB_SWITCH_ON.MCU,426,1,BOOL,2,Read,MCU.1612-P-611B.HE-JB - Oil heater junction box_MCCB Closed 1:Closed Position 0:Open Position,"",Permanent,"",""
1612-P-611B.HE-JB_MCCB POSITION.MCU,427,1,BOOL,2,Read,MCU.1612-P-611B.HE-JB - Oil heater junction box_MCCB Working Position 1:Working Position 0:Test Position,"",Permanent,"",""
1612-P-611B.HE-JB_REDAY.MCU,428,1,BOOL,2,Read,MCU.1612-P-611B.HE-JB - Oil heater junction box_Motor Ready 1:Ready 0:Not Ready,"",Permanent,"",""
1110-KM-101B-2_TX.MCU,429,1,BOOL,2,Read,MCU.1110-KM-101B-2 - Barring motor_Communication Status 1:Communication Normal 0:Communication Interrupted,"",Permanent,"",""
1110-KM-101B-2_PERMIT.MCU,430,1,BOOL,2,Read,MCU.1110-KM-101B-2 - Barring motor_Permitted State 1:Permit 0:No Permit,"",Permanent,"",""
1110-KM-101B-2_FAULT.MCU,431,1,BOOL,2,Read,MCU.1110-KM-101B-2 - Barring motor_General Fault 1:Fault 0:Normal,"",Permanent,"",""
1110-KM-101B-2_STA.MCU,432,1,BOOL,2,Read,MCU.1110-KM-101B-2 - Barring motor_Motor Operation 1:Running 0:Stopped,"",Permanent,"",""
1110-KM-101B-2_EM_STOP.MCU,433,1,BOOL,2,Read,MCU.1110-KM-101B-2 - Barring motor_Emergency shutdown 1:Emergency shutdown 0:Normal,"",Permanent,"",""
1110-KM-101B-2_SWITCH_ON.MCU,434,1,BOOL,2,Read,MCU.1110-KM-101B-2 - Barring motor_MCCB Closed 1:Closed Position 0:Open Position,"",Permanent,"",""
1110-KM-101B-2_MCCB POSITION.MCU,435,1,BOOL,2,Read,MCU.1110-KM-101B-2 - Barring motor_MCCB Working Position 1:Working Position 0:Test Position,"",Permanent,"",""
1110-KM-101B-2_REDAY.MCU,436,1,BOOL,2,Read,MCU.1110-KM-101B-2 - Barring motor_Motor Ready 1:Ready 0:Not Ready,"",Permanent,"",""
1110-PM-132A_TX.MCU,437,1,BOOL,2,Read,MCU.1110-PM-132A - Oil pump motor 1_Communication Status 1:Communication Normal 0:Communication Interrupted,"",Permanent,"",""
1110-PM-132A_PERMIT.MCU,438,1,BOOL,2,Read,MCU.1110-PM-132A - Oil pump motor 1_Permitted State 1:Permit 0:No Permit,"",Permanent,"",""
1110-PM-132A_FAULT.MCU,439,1,BOOL,2,Read,MCU.1110-PM-132A - Oil pump motor 1_General Fault 1:Fault 0:Normal,"",Permanent,"",""
1110-PM-132A_STA.MCU,440,1,BOOL,2,Read,MCU.1110-PM-132A - Oil pump motor 1_Motor Operation 1:Running 0:Stopped,"",Permanent,"",""
1110-PM-132A_EM_STOP.MCU,441,1,BOOL,2,Read,MCU.1110-PM-132A - Oil pump motor 1_Emergency shutdown 1:Emergency shutdown 0:Normal,"",Permanent,"",""
1110-PM-132A_SWITCH_ON.MCU,442,1,BOOL,2,Read,MCU.1110-PM-132A - Oil pump motor 1_MCCB Closed 1:Closed Position 0:Open Position,"",Permanent,"",""
1110-PM-132A_MCCB POSITION.MCU,443,1,BOOL,2,Read,MCU.1110-PM-132A - Oil pump motor 1_MCCB Working Position 1:Working Position 0:Test Position,"",Permanent,"",""
1110-PM-132A_REDAY.MCU,444,1,BOOL,2,Read,MCU.1110-PM-132A - Oil pump motor 1_Motor Ready 1:Ready 0:Not Ready,"",Permanent,"",""
1110-PM-132B_TX.MCU,445,1,BOOL,2,Read,MCU.1110-PM-132B - Oil pump motor 2_Communication Status 1:Communication Normal 0:Communication Interrupted,"",Permanent,"",""
1110-PM-132B_PERMIT.MCU,446,1,BOOL,2,Read,MCU.1110-PM-132B - Oil pump motor 2_Permitted State 1:Permit 0:No Permit,"",Permanent,"",""
1110-PM-132B_FAULT.MCU,447,1,BOOL,2,Read,MCU.1110-PM-132B - Oil pump motor 2_General Fault 1:Fault 0:Normal,"",Permanent,"",""
1110-PM-132B_STA.MCU,448,1,BOOL,2,Read,MCU.1110-PM-132B - Oil pump motor 2_Motor Operation 1:Running 0:Stopped,"",Permanent,"",""
1110-PM-132B_EM_STOP.MCU,449,1,BOOL,2,Read,MCU.1110-PM-132B - Oil pump motor 2_Emergency shutdown 1:Emergency shutdown 0:Normal,"",Permanent,"",""
1110-PM-132B_SWITCH_ON.MCU,450,1,BOOL,2,Read,MCU.1110-PM-132B - Oil pump motor 2_MCCB Closed 1:Closed Position 0:Open Position,"",Permanent,"",""
1110-PM-132B_MCCB POSITION.MCU,451,1,BOOL,2,Read,MCU.1110-PM-132B - Oil pump motor 2_MCCB Working Position 1:Working Position 0:Test Position,"",Permanent,"",""
1110-PM-132B_REDAY.MCU,452,1,BOOL,2,Read,MCU.1110-PM-132B - Oil pump motor 2_Motor Ready 1:Ready 0:Not Ready,"",Permanent,"",""
1110-KM-101B.EH02_TX.MCU,453,1,BOOL,2,Read,MCU.1110-KM-101B.EH02 - Electric heater for crankcase_Communication Status 1:Communication Normal 0:Communication Interrupted,"",Permanent,"",""
1110-KM-101B.EH02_PERMIT.MCU,454,1,BOOL,2,Read,MCU.1110-KM-101B.EH02 - Electric heater for crankcase_Permitted State 1:Permit 0:No Permit,"",Permanent,"",""
1110-KM-101B.EH02_FAULT.MCU,455,1,BOOL,2,Read,MCU.1110-KM-101B.EH02 - Electric heater for crankcase_General Fault 1:Fault 0:Normal,"",Permanent,"",""
1110-KM-101B.EH02_STA.MCU,456,1,BOOL,2,Read,MCU.1110-KM-101B.EH02 - Electric heater for crankcase_Motor Operation 1:Running 0:Stopped,"",Permanent,"",""
1110-KM-101B.EH02_EM_STOP.MCU,457,1,BOOL,2,Read,MCU.1110-KM-101B.EH02 - Electric heater for crankcase_Emergency shutdown 1:Emergency shutdown 0:Normal,"",Permanent,"",""
1110-KM-101B.EH02_SWITCH_ON.MCU,458,1,BOOL,2,Read,MCU.1110-KM-101B.EH02 - Electric heater for crankcase_MCCB Closed 1:Closed Position 0:Open Position,"",Permanent,"",""
1110-KM-101B.EH02_MCCB POSITION.MCU,459,1,BOOL,2,Read,MCU.1110-KM-101B.EH02 - Electric heater for crankcase_MCCB Working Position 1:Working Position 0:Test Position,"",Permanent,"",""
1110-KM-101B.EH02_REDAY.MCU,460,1,BOOL,2,Read,MCU.1110-KM-101B.EH02 - Electric heater for crankcase_Motor Ready 1:Ready 0:Not Ready,"",Permanent,"",""
2202-NK-SG-102-B.08OC_8_TX.MCU,461,1,BOOL,2,Read,MCU.2202-NK-SG-102-B.08OC_8 - SPARE_Communication Status 1:Communication Normal 0:Communication Interrupted,"",Permanent,"",""
2202-NK-SG-102-B.08OC_8_PERMIT.MCU,462,1,BOOL,2,Read,MCU.2202-NK-SG-102-B.08OC_8 - SPARE_Permitted State 1:Permit 0:No Permit,"",Permanent,"",""
2202-NK-SG-102-B.08OC_8_FAULT.MCU,463,1,BOOL,2,Read,MCU.2202-NK-SG-102-B.08OC_8 - SPARE_General Fault 1:Fault 0:Normal,"",Permanent,"",""
2202-NK-SG-102-B.08OC_8_STA.MCU,464,1,BOOL,2,Read,MCU.2202-NK-SG-102-B.08OC_8 - SPARE_Motor Operation 1:Running 0:Stopped,"",Permanent,"",""
2202-NK-SG-102-B.08OC_8_EM_STOP.MCU,465,1,BOOL,2,Read,MCU.2202-NK-SG-102-B.08OC_8 - SPARE_Emergency shutdown 1:Emergency shutdown 0:Normal,"",Permanent,"",""
2202-NK-SG-102-B.08OC_8_SWITCH_ON.MCU,466,1,BOOL,2,Read,MCU.2202-NK-SG-102-B.08OC_8 - SPARE_MCCB Closed 1:Closed Position 0:Open Position,"",Permanent,"",""
2202-NK-SG-102-B.08OC_8_MCCB POSITION.MCU,467,1,BOOL,2,Read,MCU.2202-NK-SG-102-B.08OC_8 - SPARE_MCCB Working Position 1:Working Position 0:Test Position,"",Permanent,"",""
2202-NK-SG-102-B.08OC_8_REDAY.MCU,468,1,BOOL,2,Read,MCU.2202-NK-SG-102-B.08OC_8 - SPARE_Motor Ready 1:Ready 0:Not Ready,"",Permanent,"",""
1110-PM-133B_TX.MCU,469,1,BOOL,2,Read,MCU.1110-PM-133B - Water pump motor 2_Communication Status 1:Communication Normal 0:Communication Interrupted,"",Permanent,"",""
1110-PM-133B_PERMIT.MCU,470,1,BOOL,2,Read,MCU.1110-PM-133B - Water pump motor 2_Permitted State 1:Permit 0:No Permit,"",Permanent,"",""
1110-PM-133B_FAULT.MCU,471,1,BOOL,2,Read,MCU.1110-PM-133B - Water pump motor 2_General Fault 1:Fault 0:Normal,"",Permanent,"",""
1110-PM-133B_STA.MCU,472,1,BOOL,2,Read,MCU.1110-PM-133B - Water pump motor 2_Motor Operation 1:Running 0:Stopped,"",Permanent,"",""
1110-PM-133B_EM_STOP.MCU,473,1,BOOL,2,Read,MCU.1110-PM-133B - Water pump motor 2_Emergency shutdown 1:Emergency shutdown 0:Normal,"",Permanent,"",""
1110-PM-133B_SWITCH_ON.MCU,474,1,BOOL,2,Read,MCU.1110-PM-133B - Water pump motor 2_MCCB Closed 1:Closed Position 0:Open Position,"",Permanent,"",""
1110-PM-133B_MCCB POSITION.MCU,475,1,BOOL,2,Read,MCU.1110-PM-133B - Water pump motor 2_MCCB Working Position 1:Working Position 0:Test Position,"",Permanent,"",""
1110-PM-133B_REDAY.MCU,476,1,BOOL,2,Read,MCU.1110-PM-133B - Water pump motor 2_Motor Ready 1:Ready 0:Not Ready,"",Permanent,"",""
1130-KM-301B_TX.MCU,477,1,BOOL,2,Read,MCU.1130-KM-301B - Barring motor_Communication Status 1:Communication Normal 0:Communication Interrupted,"",Permanent,"",""
1130-KM-301B_PERMIT.MCU,478,1,BOOL,2,Read,MCU.1130-KM-301B - Barring motor_Permitted State 1:Permit 0:No Permit,"",Permanent,"",""
1130-KM-301B_FAULT.MCU,479,1,BOOL,2,Read,MCU.1130-KM-301B - Barring motor_General Fault 1:Fault 0:Normal,"",Permanent,"",""
1130-KM-301B_STA.MCU,480,1,BOOL,2,Read,MCU.1130-KM-301B - Barring motor_Motor Operation 1:Running 0:Stopped,"",Permanent,"",""
1130-KM-301B_EM_STOP.MCU,481,1,BOOL,2,Read,MCU.1130-KM-301B - Barring motor_Emergency shutdown 1:Emergency shutdown 0:Normal,"",Permanent,"",""
1130-KM-301B_SWITCH_ON.MCU,482,1,BOOL,2,Read,MCU.1130-KM-301B - Barring motor_MCCB Closed 1:Closed Position 0:Open Position,"",Permanent,"",""
1130-KM-301B_MCCB POSITION.MCU,483,1,BOOL,2,Read,MCU.1130-KM-301B - Barring motor_MCCB Working Position 1:Working Position 0:Test Position,"",Permanent,"",""
1130-KM-301B_REDAY.MCU,484,1,BOOL,2,Read,MCU.1130-KM-301B - Barring motor_Motor Ready 1:Ready 0:Not Ready,"",Permanent,"",""
1130-PM-332A_TX.MCU,485,1,BOOL,2,Read,MCU.1130-PM-332A - Main oil pump motor_Communication Status 1:Communication Normal 0:Communication Interrupted,"",Permanent,"",""
1130-PM-332A_PERMIT.MCU,486,1,BOOL,2,Read,MCU.1130-PM-332A - Main oil pump motor_Permitted State 1:Permit 0:No Permit,"",Permanent,"",""
1130-PM-332A_FAULT.MCU,487,1,BOOL,2,Read,MCU.1130-PM-332A - Main oil pump motor_General Fault 1:Fault 0:Normal,"",Permanent,"",""
1130-PM-332A_STA.MCU,488,1,BOOL,2,Read,MCU.1130-PM-332A - Main oil pump motor_Motor Operation 1:Running 0:Stopped,"",Permanent,"",""
1130-PM-332A_EM_STOP.MCU,489,1,BOOL,2,Read,MCU.1130-PM-332A - Main oil pump motor_Emergency shutdown 1:Emergency shutdown 0:Normal,"",Permanent,"",""
1130-PM-332A_SWITCH_ON.MCU,490,1,BOOL,2,Read,MCU.1130-PM-332A - Main oil pump motor_MCCB Closed 1:Closed Position 0:Open Position,"",Permanent,"",""
1130-PM-332A_MCCB POSITION.MCU,491,1,BOOL,2,Read,MCU.1130-PM-332A - Main oil pump motor_MCCB Working Position 1:Working Position 0:Test Position,"",Permanent,"",""
1130-PM-332A_REDAY.MCU,492,1,BOOL,2,Read,MCU.1130-PM-332A - Main oil pump motor_Motor Ready 1:Ready 0:Not Ready,"",Permanent,"",""
1130-PM-332B_TX.MCU,493,1,BOOL,2,Read,MCU.1130-PM-332B - Auxiliary oil pump motor_Communication Status 1:Communication Normal 0:Communication Interrupted,"",Permanent,"",""
1130-PM-332B_PERMIT.MCU,494,1,BOOL,2,Read,MCU.1130-PM-332B - Auxiliary oil pump motor_Permitted State 1:Permit 0:No Permit,"",Permanent,"",""
1130-PM-332B_FAULT.MCU,495,1,BOOL,2,Read,MCU.1130-PM-332B - Auxiliary oil pump motor_General Fault 1:Fault 0:Normal,"",Permanent,"",""
1130-PM-332B_STA.MCU,496,1,BOOL,2,Read,MCU.1130-PM-332B - Auxiliary oil pump motor_Motor Operation 1:Running 0:Stopped,"",Permanent,"",""
1130-PM-332B_EM_STOP.MCU,497,1,BOOL,2,Read,MCU.1130-PM-332B - Auxiliary oil pump motor_Emergency shutdown 1:Emergency shutdown 0:Normal,"",Permanent,"",""
1130-PM-332B_SWITCH_ON.MCU,498,1,BOOL,2,Read,MCU.1130-PM-332B - Auxiliary oil pump motor_MCCB Closed 1:Closed Position 0:Open Position,"",Permanent,"",""
1130-PM-332B_MCCB POSITION.MCU,499,1,BOOL,2,Read,MCU.1130-PM-332B - Auxiliary oil pump motor_MCCB Working Position 1:Working Position 0:Test Position,"",Permanent,"",""
1130-PM-332B_REDAY.MCU,500,1,BOOL,2,Read,MCU.1130-PM-332B - Auxiliary oil pump motor_Motor Ready 1:Ready 0:Not Ready,"",Permanent,"",""
1130-V-332B.EH_TX.MCU,501,1,BOOL,2,Read,MCU.1130-V-332B.EH - Lube oil tank heater_Communication Status 1:Communication Normal 0:Communication Interrupted,"",Permanent,"",""
1130-V-332B.EH_PERMIT.MCU,502,1,BOOL,2,Read,MCU.1130-V-332B.EH - Lube oil tank heater_Permitted State 1:Permit 0:No Permit,"",Permanent,"",""
1130-V-332B.EH_FAULT.MCU,503,1,BOOL,2,Read,MCU.1130-V-332B.EH - Lube oil tank heater_General Fault 1:Fault 0:Normal,"",Permanent,"",""
1130-V-332B.EH_STA.MCU,504,1,BOOL,2,Read,MCU.1130-V-332B.EH - Lube oil tank heater_Motor Operation 1:Running 0:Stopped,"",Permanent,"",""
1130-V-332B.EH_EM_STOP.MCU,505,1,BOOL,2,Read,MCU.1130-V-332B.EH - Lube oil tank heater_Emergency shutdown 1:Emergency shutdown 0:Normal,"",Permanent,"",""
1130-V-332B.EH_SWITCH_ON.MCU,506,1,BOOL,2,Read,MCU.1130-V-332B.EH - Lube oil tank heater_MCCB Closed 1:Closed Position 0:Open Position,"",Permanent,"",""
1130-V-332B.EH_MCCB POSITION.MCU,507,1,BOOL,2,Read,MCU.1130-V-332B.EH - Lube oil tank heater_MCCB Working Position 1:Working Position 0:Test Position,"",Permanent,"",""
1130-V-332B.EH_REDAY.MCU,508,1,BOOL,2,Read,MCU.1130-V-332B.EH - Lube oil tank heater_Motor Ready 1:Ready 0:Not Ready,"",Permanent,"",""
2701-PK-1501B-M_TX.MCU,509,1,BOOL,2,Read,"MCU.2701-PK-1501B-M - ""ITF Waste Gas FanAcoustic Enclosure Fan""_Communication Status 1:Communication Normal 0:Communication Interrupted","",Permanent,"",""
2701-PK-1501B-M_PERMIT.MCU,510,1,BOOL,2,Read,"MCU.2701-PK-1501B-M - ""ITF Waste Gas FanAcoustic Enclosure Fan""_Permitted State 1:Permit 0:No Permit","",Permanent,"",""
2701-PK-1501B-M_FAULT.MCU,511,1,BOOL,2,Read,"MCU.2701-PK-1501B-M - ""ITF Waste Gas FanAcoustic Enclosure Fan""_General Fault 1:Fault 0:Normal","",Permanent,"",""
2701-PK-1501B-M_STA.MCU,512,1,BOOL,2,Read,"MCU.2701-PK-1501B-M - ""ITF Waste Gas FanAcoustic Enclosure Fan""_Motor Operation 1:Running 0:Stopped","",Permanent,"",""
2701-PK-1501B-M_EM_STOP.MCU,513,1,BOOL,2,Read,"MCU.2701-PK-1501B-M - ""ITF Waste Gas FanAcoustic Enclosure Fan""_Emergency shutdown 1:Emergency shutdown 0:Normal","",Permanent,"",""
2701-PK-1501B-M_SWITCH_ON.MCU,514,1,BOOL,2,Read,"MCU.2701-PK-1501B-M - ""ITF Waste Gas FanAcoustic Enclosure Fan""_MCCB Closed 1:Closed Position 0:Open Position","",Permanent,"",""
2701-PK-1501B-M_MCCB POSITION.MCU,515,1,BOOL,2,Read,"MCU.2701-PK-1501B-M - ""ITF Waste Gas FanAcoustic Enclosure Fan""_MCCB Working Position 1:Working Position 0:Test Position","",Permanent,"",""
2701-PK-1501B-M_REDAY.MCU,516,1,BOOL,2,Read,"MCU.2701-PK-1501B-M - ""ITF Waste Gas FanAcoustic Enclosure Fan""_Motor Ready 1:Ready 0:Not Ready","",Permanent,"",""
2701-PM-1216_TX.MCU,517,1,BOOL,2,Read,MCU.2701-PM-1216 - Slop Drum Water Pump_Communication Status 1:Communication Normal 0:Communication Interrupted,"",Permanent,"",""
2701-PM-1216_PERMIT.MCU,518,1,BOOL,2,Read,MCU.2701-PM-1216 - Slop Drum Water Pump_Permitted State 1:Permit 0:No Permit,"",Permanent,"",""
2701-PM-1216_FAULT.MCU,519,1,BOOL,2,Read,MCU.2701-PM-1216 - Slop Drum Water Pump_General Fault 1:Fault 0:Normal,"",Permanent,"",""
2701-PM-1216_STA.MCU,520,1,BOOL,2,Read,MCU.2701-PM-1216 - Slop Drum Water Pump_Motor Operation 1:Running 0:Stopped,"",Permanent,"",""
2701-PM-1216_EM_STOP.MCU,521,1,BOOL,2,Read,MCU.2701-PM-1216 - Slop Drum Water Pump_Emergency shutdown 1:Emergency shutdown 0:Normal,"",Permanent,"",""
2701-PM-1216_SWITCH_ON.MCU,522,1,BOOL,2,Read,MCU.2701-PM-1216 - Slop Drum Water Pump_MCCB Closed 1:Closed Position 0:Open Position,"",Permanent,"",""
2701-PM-1216_MCCB POSITION.MCU,523,1,BOOL,2,Read,MCU.2701-PM-1216 - Slop Drum Water Pump_MCCB Working Position 1:Working Position 0:Test Position,"",Permanent,"",""
2701-PM-1216_REDAY.MCU,524,1,BOOL,2,Read,MCU.2701-PM-1216 - Slop Drum Water Pump_Motor Ready 1:Ready 0:Not Ready,"",Permanent,"",""
2202-NK-SG-102-B.12OC_3_TX.MCU,525,1,BOOL,2,Read,MCU.2202-NK-SG-102-B.12OC_3 - SPARE_Communication Status 1:Communication Normal 0:Communication Interrupted,"",Permanent,"",""
2202-NK-SG-102-B.12OC_3_PERMIT.MCU,526,1,BOOL,2,Read,MCU.2202-NK-SG-102-B.12OC_3 - SPARE_Permitted State 1:Permit 0:No Permit,"",Permanent,"",""
2202-NK-SG-102-B.12OC_3_FAULT.MCU,527,1,BOOL,2,Read,MCU.2202-NK-SG-102-B.12OC_3 - SPARE_General Fault 1:Fault 0:Normal,"",Permanent,"",""
2202-NK-SG-102-B.12OC_3_STA.MCU,528,1,BOOL,2,Read,MCU.2202-NK-SG-102-B.12OC_3 - SPARE_Motor Operation 1:Running 0:Stopped,"",Permanent,"",""
2202-NK-SG-102-B.12OC_3_EM_STOP.MCU,529,1,BOOL,2,Read,MCU.2202-NK-SG-102-B.12OC_3 - SPARE_Emergency shutdown 1:Emergency shutdown 0:Normal,"",Permanent,"",""
2202-NK-SG-102-B.12OC_3_SWITCH_ON.MCU,530,1,BOOL,2,Read,MCU.2202-NK-SG-102-B.12OC_3 - SPARE_MCCB Closed 1:Closed Position 0:Open Position,"",Permanent,"",""
2202-NK-SG-102-B.12OC_3_MCCB POSITION.MCU,531,1,BOOL,2,Read,MCU.2202-NK-SG-102-B.12OC_3 - SPARE_MCCB Working Position 1:Working Position 0:Test Position,"",Permanent,"",""
2202-NK-SG-102-B.12OC_3_REDAY.MCU,532,1,BOOL,2,Read,MCU.2202-NK-SG-102-B.12OC_3 - SPARE_Motor Ready 1:Ready 0:Not Ready,"",Permanent,"",""
2701-PM-1701B_TX.MCU,533,1,BOOL,2,Read,MCU.2701-PM-1701B - TBC Solution Dosing pump_Communication Status 1:Communication Normal 0:Communication Interrupted,"",Permanent,"",""
2701-PM-1701B_PERMIT.MCU,534,1,BOOL,2,Read,MCU.2701-PM-1701B - TBC Solution Dosing pump_Permitted State 1:Permit 0:No Permit,"",Permanent,"",""
2701-PM-1701B_FAULT.MCU,535,1,BOOL,2,Read,MCU.2701-PM-1701B - TBC Solution Dosing pump_General Fault 1:Fault 0:Normal,"",Permanent,"",""
2701-PM-1701B_STA.MCU,536,1,BOOL,2,Read,MCU.2701-PM-1701B - TBC Solution Dosing pump_Motor Operation 1:Running 0:Stopped,"",Permanent,"",""
2701-PM-1701B_EM_STOP.MCU,537,1,BOOL,2,Read,MCU.2701-PM-1701B - TBC Solution Dosing pump_Emergency shutdown 1:Emergency shutdown 0:Normal,"",Permanent,"",""
2701-PM-1701B_SWITCH_ON.MCU,538,1,BOOL,2,Read,MCU.2701-PM-1701B - TBC Solution Dosing pump_MCCB Closed 1:Closed Position 0:Open Position,"",Permanent,"",""
2701-PM-1701B_MCCB POSITION.MCU,539,1,BOOL,2,Read,MCU.2701-PM-1701B - TBC Solution Dosing pump_MCCB Working Position 1:Working Position 0:Test Position,"",Permanent,"",""
2701-PM-1701B_REDAY.MCU,540,1,BOOL,2,Read,MCU.2701-PM-1701B - TBC Solution Dosing pump_Motor Ready 1:Ready 0:Not Ready,"",Permanent,"",""
2701-PM-1206B_TX.MCU,541,1,BOOL,2,Read,MCU.2701-PM-1206B - Benzene-Toluene FractionTransfer Pump_Communication Status 1:Communication Normal 0:Communication Interrupted,"",Permanent,"",""
2701-PM-1206B_PERMIT.MCU,542,1,BOOL,2,Read,MCU.2701-PM-1206B - Benzene-Toluene FractionTransfer Pump_Permitted State 1:Permit 0:No Permit,"",Permanent,"",""
2701-PM-1206B_FAULT.MCU,543,1,BOOL,2,Read,MCU.2701-PM-1206B - Benzene-Toluene FractionTransfer Pump_General Fault 1:Fault 0:Normal,"",Permanent,"",""
2701-PM-1206B_STA.MCU,544,1,BOOL,2,Read,MCU.2701-PM-1206B - Benzene-Toluene FractionTransfer Pump_Motor Operation 1:Running 0:Stopped,"",Permanent,"",""
2701-PM-1206B_EM_STOP.MCU,545,1,BOOL,2,Read,MCU.2701-PM-1206B - Benzene-Toluene FractionTransfer Pump_Emergency shutdown 1:Emergency shutdown 0:Normal,"",Permanent,"",""
2701-PM-1206B_SWITCH_ON.MCU,546,1,BOOL,2,Read,MCU.2701-PM-1206B - Benzene-Toluene FractionTransfer Pump_MCCB Closed 1:Closed Position 0:Open Position,"",Permanent,"",""
2701-PM-1206B_MCCB POSITION.MCU,547,1,BOOL,2,Read,MCU.2701-PM-1206B - Benzene-Toluene FractionTransfer Pump_MCCB Working Position 1:Working Position 0:Test Position,"",Permanent,"",""
2701-PM-1206B_REDAY.MCU,548,1,BOOL,2,Read,MCU.2701-PM-1206B - Benzene-Toluene FractionTransfer Pump_Motor Ready 1:Ready 0:Not Ready,"",Permanent,"",""
2202-NK-SG-102-B.12OC_6_TX.MCU,549,1,BOOL,2,Read,MCU.2202-NK-SG-102-B.12OC_6 - SPARE_Communication Status 1:Communication Normal 0:Communication Interrupted,"",Permanent,"",""
2202-NK-SG-102-B.12OC_6_PERMIT.MCU,550,1,BOOL,2,Read,MCU.2202-NK-SG-102-B.12OC_6 - SPARE_Permitted State 1:Permit 0:No Permit,"",Permanent,"",""
2202-NK-SG-102-B.12OC_6_FAULT.MCU,551,1,BOOL,2,Read,MCU.2202-NK-SG-102-B.12OC_6 - SPARE_General Fault 1:Fault 0:Normal,"",Permanent,"",""
2202-NK-SG-102-B.12OC_6_STA.MCU,552,1,BOOL,2,Read,MCU.2202-NK-SG-102-B.12OC_6 - SPARE_Motor Operation 1:Running 0:Stopped,"",Permanent,"",""
2202-NK-SG-102-B.12OC_6_EM_STOP.MCU,553,1,BOOL,2,Read,MCU.2202-NK-SG-102-B.12OC_6 - SPARE_Emergency shutdown 1:Emergency shutdown 0:Normal,"",Permanent,"",""
2202-NK-SG-102-B.12OC_6_SWITCH_ON.MCU,554,1,BOOL,2,Read,MCU.2202-NK-SG-102-B.12OC_6 - SPARE_MCCB Closed 1:Closed Position 0:Open Position,"",Permanent,"",""
2202-NK-SG-102-B.12OC_6_MCCB POSITION.MCU,555,1,BOOL,2,Read,MCU.2202-NK-SG-102-B.12OC_6 - SPARE_MCCB Working Position 1:Working Position 0:Test Position,"",Permanent,"",""
2202-NK-SG-102-B.12OC_6_REDAY.MCU,556,1,BOOL,2,Read,MCU.2202-NK-SG-102-B.12OC_6 - SPARE_Motor Ready 1:Ready 0:Not Ready,"",Permanent,"",""
1130-PM-301B_TX.MCU,557,1,BOOL,2,Read,MCU.1130-PM-301B - DM Pump_Communication Status 1:Communication Normal 0:Communication Interrupted,"",Permanent,"",""
1130-PM-301B_EM_STOP.MCU,558,1,BOOL,2,Read,MCU.1130-PM-301B - DM Pump_Emergency shutdown 1:Emergency shutdown 0:Normal,"",Permanent,"",""
1130-PM-303B_TX.MCU,559,1,BOOL,2,Read,MCU.1130-PM-303B - Condensate Stripper Bottom Pump_Communication Status 1:Communication Normal 0:Communication Interrupted,"",Permanent,"",""
1130-PM-303B_EM_STOP.MCU,560,1,BOOL,2,Read,MCU.1130-PM-303B - Condensate Stripper Bottom Pump_Emergency shutdown 1:Emergency shutdown 0:Normal,"",Permanent,"",""
1612-PM-606B_TX.MCU,561,1,BOOL,2,Read,MCU.1612-PM-606B - LLP Condensate Pump_Communication Status 1:Communication Normal 0:Communication Interrupted,"",Permanent,"",""
1612-PM-606B_EM_STOP.MCU,562,1,BOOL,2,Read,MCU.1612-PM-606B - LLP Condensate Pump_Emergency shutdown 1:Emergency shutdown 0:Normal,"",Permanent,"",""
2701-PM-1202B_TX.MCU,563,1,BOOL,2,Read,MCU.2701-PM-1202B - Ethylbenzene transfer pump_Communication Status 1:Communication Normal 0:Communication Interrupted,"",Permanent,"",""
2701-PM-1202B_EM_STOP.MCU,564,1,BOOL,2,Read,MCU.2701-PM-1202B - Ethylbenzene transfer pump_Emergency shutdown 1:Emergency shutdown 0:Normal,"",Permanent,"",""
2701-PM-1201B_TX.MCU,565,1,BOOL,2,Read,MCU.2701-PM-1201B - Benzene transfer pump_Communication Status 1:Communication Normal 0:Communication Interrupted,"",Permanent,"",""
2701-PM-1201B_EM_STOP.MCU,566,1,BOOL,2,Read,MCU.2701-PM-1201B - Benzene transfer pump_Emergency shutdown 1:Emergency shutdown 0:Normal,"",Permanent,"",""
2701-PM-1205S_TX.MCU,567,1,BOOL,2,Read,MCU.2701-PM-1205S - SM Transfer Pump_Communication Status 1:Communication Normal 0:Communication Interrupted,"",Permanent,"",""
2701-PM-1205S_EM_STOP.MCU,568,1,BOOL,2,Read,MCU.2701-PM-1205S - SM Transfer Pump_Emergency shutdown 1:Emergency shutdown 0:Normal,"",Permanent,"",""
2701-PM-1204B_TX.MCU,569,1,BOOL,2,Read,MCU.2701-PM-1204B - DM Transfer Pump_Communication Status 1:Communication Normal 0:Communication Interrupted,"",Permanent,"",""
2701-PM-1204B_EM_STOP.MCU,570,1,BOOL,2,Read,MCU.2701-PM-1204B - DM Transfer Pump_Emergency shutdown 1:Emergency shutdown 0:Normal,"",Permanent,"",""
2701-PM-1207B_TX.MCU,571,1,BOOL,2,Read,MCU.2701-PM-1207B - Heavy Tar Loading Pump_Communication Status 1:Communication Normal 0:Communication Interrupted,"",Permanent,"",""
2701-PM-1207B_EM_STOP.MCU,572,1,BOOL,2,Read,MCU.2701-PM-1207B - Heavy Tar Loading Pump_Emergency shutdown 1:Emergency shutdown 0:Normal,"",Permanent,"",""
2701-PM-1205A_TX.MCU,573,1,BOOL,2,Read,MCU.2701-PM-1205A - SM Transfer Pump_Communication Status 1:Communication Normal 0:Communication Interrupted,"",Permanent,"",""
2701-PM-1205A_EM_STOP.MCU,574,1,BOOL,2,Read,MCU.2701-PM-1205A - SM Transfer Pump_Emergency shutdown 1:Emergency shutdown 0:Normal,"",Permanent,"",""
2202-NK-SG-102-B.SS01_1_PLC_TX.PLC,575,1,BOOL,2,Read,PLC.2202-NK-SG-102-B.SS01_1 - inlet switch+SOFT STARTER_SSR PLC Communication Status 1:Communication Normal 0:Communication Interrupted,"",Permanent,"",""
1130-PM-301B_M1_PERMIT.PLC,576,1,BOOL,2,Read,PLC.1130-PM-301B - DM Pump_Circuit 1_Permitted State 1:Permit 0:Not Permit,"",Permanent,"",""
1130-PM-301B_Q1_READY.PLC,577,1,BOOL,2,Read,PLC.1130-PM-301B - DM Pump_Circuit 1_Q1_Ready 1:Ready 0:Not Ready,"",Permanent,"",""
1130-PM-301B_Q1_BYPS.PLC,578,1,BOOL,2,Read,PLC.1130-PM-301B - DM Pump_Circuit 1_Q1_Motor 1 Operation 1:Running 0:Stopped,"",Permanent,"",""
1130-PM-301B_Q1_F.PLC,579,1,BOOL,2,Read,PLC.1130-PM-301B - DM Pump_Circuit 1_Q1_Motor 1 Fault 1:Fault 0:Normal,"",Permanent,"",""
1130-PM-301B_QF1_ATUO.PLC,580,1,BOOL,2,Read,PLC.1130-PM-301B - DM Pump_Circuit 1_Q1_Remote_Local 1:Remote 0:Local,"",Permanent,"",""
1130-PM-301B_QF1_STA.PLC,581,1,BOOL,2,Read,PLC.1130-PM-301B - DM Pump_Circuit 1_QF1_Switch Closing 1:Closed 0:Open,"",Permanent,"",""
1130-PM-303B_M2_PERMIT.PLC,582,1,BOOL,2,Read,PLC.1130-PM-303B - Condensate Stripper Bottom Pump_Circuit 2_Permitted State 1:Permit 0:Not Permit,"",Permanent,"",""
1130-PM-303B_Q2_READY.PLC,583,1,BOOL,2,Read,PLC.1130-PM-303B - Condensate Stripper Bottom Pump_Circuit 2_Q2_Ready 1:Ready 0:Not Ready,"",Permanent,"",""
1130-PM-303B_Q2_BYPS.PLC,584,1,BOOL,2,Read,PLC.1130-PM-303B - Condensate Stripper Bottom Pump_Circuit 2_Q2_Motor 2 Operation 1:Running 0:Stopped,"",Permanent,"",""
1130-PM-303B_Q2_F.PLC,585,1,BOOL,2,Read,PLC.1130-PM-303B - Condensate Stripper Bottom Pump_Circuit 2_Q2_Motor 2 Fault 1:Fault 0:Normal,"",Permanent,"",""
1130-PM-303B_QF2_ATUO.PLC,586,1,BOOL,2,Read,PLC.1130-PM-303B - Condensate Stripper Bottom Pump_Circuit 2_Q2_Remote_Local 1:Remote 0:Local,"",Permanent,"",""
1130-PM-303B_QF2_STA.PLC,587,1,BOOL,2,Read,PLC.1130-PM-303B - Condensate Stripper Bottom Pump_Circuit 2_QF2_Switch Closing 1:Closed 0:Open,"",Permanent,"",""
1612-PM-606B_M3_PERMIT.PLC,588,1,BOOL,2,Read,PLC.1612-PM-606B - LLP Condensate Pump_Circuit 3_Permitted State 1:Permit 0:Not Permit,"",Permanent,"",""
1612-PM-606B_Q3_READY.PLC,589,1,BOOL,2,Read,PLC.1612-PM-606B - LLP Condensate Pump_Circuit 3_Q3_Ready 1:Ready 0:Not Ready,"",Permanent,"",""
1612-PM-606B_Q3_BYPS.PLC,590,1,BOOL,2,Read,PLC.1612-PM-606B - LLP Condensate Pump_Circuit 3_Q3_Motor 3 Operation 1:Running 0:Stopped,"",Permanent,"",""
1612-PM-606B_Q3_F.PLC,591,1,BOOL,2,Read,PLC.1612-PM-606B - LLP Condensate Pump_Circuit 3_Q3_Motor 3 Fault 1:Fault 0:Normal,"",Permanent,"",""
1612-PM-606B_QF3_ATUO.PLC,592,1,BOOL,2,Read,PLC.1612-PM-606B - LLP Condensate Pump_Circuit 3_Q3_Remote_Local 1:Remote 0:Local,"",Permanent,"",""
1612-PM-606B_QF3_STA.PLC,593,1,BOOL,2,Read,PLC.1612-PM-606B - LLP Condensate Pump_Circuit 3_QF3_Switch Closing 1:Closed 0:Open,"",Permanent,"",""
2202-NK-SG-102-B.SS03_1_PLC_TX.PLC,594,1,BOOL,2,Read,PLC.2202-NK-SG-102-B.SS03_1 - inlet switch+SOFT STARTER_SSR PLC Communication Status 1:Communication Normal 0:Communication Interrupted,"",Permanent,"",""
2701-PM-1202B_M1_PERMIT.PLC,595,1,BOOL,2,Read,PLC.2701-PM-1202B - Ethylbenzene transfer pump_Circuit 1_Permitted State 1:Permit 0:Not Permit,"",Permanent,"",""
2701-PM-1202B_Q1_READY.PLC,596,1,BOOL,2,Read,PLC.2701-PM-1202B - Ethylbenzene transfer pump_Circuit 1_Q1_Ready 1:Ready 0:Not Ready,"",Permanent,"",""
2701-PM-1202B_Q1_BYPS.PLC,597,1,BOOL,2,Read,PLC.2701-PM-1202B - Ethylbenzene transfer pump_Circuit 1_Q1_Motor 1 Operation 1:Running 0:Stopped,"",Permanent,"",""
2701-PM-1202B_Q1_F.PLC,598,1,BOOL,2,Read,PLC.2701-PM-1202B - Ethylbenzene transfer pump_Circuit 1_Q1_Motor 1 Fault 1:Fault 0:Normal,"",Permanent,"",""
2701-PM-1202B_QF1_ATUO.PLC,599,1,BOOL,2,Read,PLC.2701-PM-1202B - Ethylbenzene transfer pump_Circuit 1_Q1_Remote_Local 1:Remote 0:Local,"",Permanent,"",""
2701-PM-1202B_QF1_STA.PLC,600,1,BOOL,2,Read,PLC.2701-PM-1202B - Ethylbenzene transfer pump_Circuit 1_QF1_Switch Closing 1:Closed 0:Open,"",Permanent,"",""
2701-PM-1201B_M2_PERMIT.PLC,601,1,BOOL,2,Read,PLC.2701-PM-1201B - Benzene transfer pump_Circuit 2_Permitted State 1:Permit 0:Not Permit,"",Permanent,"",""
2701-PM-1201B_Q2_READY.PLC,602,1,BOOL,2,Read,PLC.2701-PM-1201B - Benzene transfer pump_Circuit 2_Q2_Ready 1:Ready 0:Not Ready,"",Permanent,"",""
2701-PM-1201B_Q2_BYPS.PLC,603,1,BOOL,2,Read,PLC.2701-PM-1201B - Benzene transfer pump_Circuit 2_Q2_Motor 2 Operation 1:Running 0:Stopped,"",Permanent,"",""
2701-PM-1201B_Q2_F.PLC,604,1,BOOL,2,Read,PLC.2701-PM-1201B - Benzene transfer pump_Circuit 2_Q2_Motor 2 Fault 1:Fault 0:Normal,"",Permanent,"",""
2701-PM-1201B_QF2_ATUO.PLC,605,1,BOOL,2,Read,PLC.2701-PM-1201B - Benzene transfer pump_Circuit 2_Q2_Remote_Local 1:Remote 0:Local,"",Permanent,"",""
2701-PM-1201B_QF2_STA.PLC,606,1,BOOL,2,Read,PLC.2701-PM-1201B - Benzene transfer pump_Circuit 2_QF2_Switch Closing 1:Closed 0:Open,"",Permanent,"",""
2701-PM-1204B_M3_PERMIT.PLC,607,1,BOOL,2,Read,PLC.2701-PM-1204B - DM Transfer Pump_Circuit 3_Permitted State 1:Permit 0:Not Permit,"",Permanent,"",""
2701-PM-1204B_Q3_READY.PLC,608,1,BOOL,2,Read,PLC.2701-PM-1204B - DM Transfer Pump_Circuit 3_Q3_Ready 1:Ready 0:Not Ready,"",Permanent,"",""
2701-PM-1204B_Q3_BYPS.PLC,609,1,BOOL,2,Read,PLC.2701-PM-1204B - DM Transfer Pump_Circuit 3_Q3_Motor 3 Operation 1:Running 0:Stopped,"",Permanent,"",""
2701-PM-1204B_Q3_F.PLC,610,1,BOOL,2,Read,PLC.2701-PM-1204B - DM Transfer Pump_Circuit 3_Q3_Motor 3 Fault 1:Fault 0:Normal,"",Permanent,"",""
2701-PM-1204B_QF3_ATUO.PLC,611,1,BOOL,2,Read,PLC.2701-PM-1204B - DM Transfer Pump_Circuit 3_Q3_Remote_Local 1:Remote 0:Local,"",Permanent,"",""
2701-PM-1204B_QF3_STA.PLC,612,1,BOOL,2,Read,PLC.2701-PM-1204B - DM Transfer Pump_Circuit 3_QF3_Switch Closing 1:Closed 0:Open,"",Permanent,"",""
2202-NK-SG-102-B.SS05_1_PLC_TX.PLC,613,1,BOOL,2,Read,PLC.2202-NK-SG-102-B.SS05_1 - inlet switch+SOFT STARTER_SSR PLC Communication Status 1:Communication Normal 0:Communication Interrupted,"",Permanent,"",""
2701-PM-1207B_M1_PERMIT.PLC,614,1,BOOL,2,Read,PLC.2701-PM-1207B - Heavy Tar Loading Pump_Circuit 1_Permitted State 1:Permit 0:Not Permit,"",Permanent,"",""
2701-PM-1207B_Q1_READY.PLC,615,1,BOOL,2,Read,PLC.2701-PM-1207B - Heavy Tar Loading Pump_Circuit 1_Q1_Ready 1:Ready 0:Not Ready,"",Permanent,"",""
2701-PM-1207B_Q1_BYPS.PLC,616,1,BOOL,2,Read,PLC.2701-PM-1207B - Heavy Tar Loading Pump_Circuit 1_Q1_Motor 1 Operation 1:Running 0:Stopped,"",Permanent,"",""
2701-PM-1207B_Q1_F.PLC,617,1,BOOL,2,Read,PLC.2701-PM-1207B - Heavy Tar Loading Pump_Circuit 1_Q1_Motor 1 Fault 1:Fault 0:Normal,"",Permanent,"",""
2701-PM-1207B_QF1_ATUO.PLC,618,1,BOOL,2,Read,PLC.2701-PM-1207B - Heavy Tar Loading Pump_Circuit 1_Q1_Remote_Local 1:Remote 0:Local,"",Permanent,"",""
2701-PM-1207B_QF1_STA.PLC,619,1,BOOL,2,Read,PLC.2701-PM-1207B - Heavy Tar Loading Pump_Circuit 1_QF1_Switch Closing 1:Closed 0:Open,"",Permanent,"",""
2701-PM-1205A_M2_PERMIT.PLC,620,1,BOOL,2,Read,PLC.2701-PM-1205A - SM Transfer Pump_Circuit 2_Permitted State 1:Permit 0:Not Permit,"",Permanent,"",""
2701-PM-1205A_Q2_READY.PLC,621,1,BOOL,2,Read,PLC.2701-PM-1205A - SM Transfer Pump_Circuit 2_Q2_Ready 1:Ready 0:Not Ready,"",Permanent,"",""
2701-PM-1205A_Q2_BYPS.PLC,622,1,BOOL,2,Read,PLC.2701-PM-1205A - SM Transfer Pump_Circuit 2_Q2_Motor 2 Operation 1:Running 0:Stopped,"",Permanent,"",""
2701-PM-1205A_Q2_F.PLC,623,1,BOOL,2,Read,PLC.2701-PM-1205A - SM Transfer Pump_Circuit 2_Q2_Motor 2 Fault 1:Fault 0:Normal,"",Permanent,"",""
2701-PM-1205A_QF2_ATUO.PLC,624,1,BOOL,2,Read,PLC.2701-PM-1205A - SM Transfer Pump_Circuit 2_Q2_Remote_Local 1:Remote 0:Local,"",Permanent,"",""
2701-PM-1205A_QF2_STA.PLC,625,1,BOOL,2,Read,PLC.2701-PM-1205A - SM Transfer Pump_Circuit 2_QF2_Switch Closing 1:Closed 0:Open,"",Permanent,"",""
2701-PM-1205S_M3_PERMIT.PLC,626,1,BOOL,2,Read,PLC.2701-PM-1205S - SM Transfer Pump_Circuit 3_Permitted State 1:Permit 0:Not Permit,"",Permanent,"",""
2701-PM-1205S_Q3_READY.PLC,627,1,BOOL,2,Read,PLC.2701-PM-1205S - SM Transfer Pump_Circuit 3_Q3_Ready 1:Ready 0:Not Ready,"",Permanent,"",""
2701-PM-1205S_Q3_BYPS.PLC,628,1,BOOL,2,Read,PLC.2701-PM-1205S - SM Transfer Pump_Circuit 3_Q3_Motor 3 Operation 1:Running 0:Stopped,"",Permanent,"",""
2701-PM-1205S_Q3_F.PLC,629,1,BOOL,2,Read,PLC.2701-PM-1205S - SM Transfer Pump_Circuit 3_Q3_Motor 3 Fault 1:Fault 0:Normal,"",Permanent,"",""
2701-PM-1205S_QF3_ATUO.PLC,630,1,BOOL,2,Read,PLC.2701-PM-1205S - SM Transfer Pump_Circuit 3_Q3_Remote_Local 1:Remote 0:Local,"",Permanent,"",""
2701-PM-1205S_QF3_STA.PLC,631,1,BOOL,2,Read,PLC.2701-PM-1205S - SM Transfer Pump_Circuit 3_QF3_Switch Closing 1:Closed 0:Open,"",Permanent,"",""
2701-PK-1201B-M_TX.VFD,632,1,BOOL,2,Read,VFD.2701-PK-1201B-M - ITF Waste Gas Fan_VFD Communication Status 1:Communication Normal 0:Communication Interrupted,"",Permanent,"",""
2701-PK-1201B-M_TX.PLC,633,1,BOOL,2,Read,PLC.2701-PK-1201B-M - ITF Waste Gas Fan_VFD PLC Communication Status 1:Communication Normal 0:Communication Interrupted,"",Permanent,"",""
2701-PK-1201B-M_PERMIT.PLC,634,1,BOOL,2,Read,PLC.2701-PK-1201B-M - ITF Waste Gas Fan_Permitted State 1:Permit 0:No Permit,"",Permanent,"",""
2701-PK-1201B-M_LOC_REM.PLC,635,1,BOOL,2,Read,PLC.2701-PK-1201B-M - ITF Waste Gas Fan_Remote_Local 1:Remote 0:Local,"",Permanent,"",""
2701-PK-1201B-M_STA.PLC,636,1,BOOL,2,Read,PLC.2701-PK-1201B-M - ITF Waste Gas Fan_Motor Operation 1:Running 0:Stopped,"",Permanent,"",""
2701-PK-1201B-M_REDAY.PLC,637,1,BOOL,2,Read,PLC.2701-PK-1201B-M - ITF Waste Gas Fan_Motor ALLReady 1:Ready 0:Not Ready,"",Permanent,"",""
2701-PK-1201B-M_SWITCH_ON.PLC,638,1,BOOL,2,Read,PLC.2701-PK-1201B-M - ITF Waste Gas Fan_MCCB Closed 1:Closed Position 0:Open Position,"",Permanent,"",""
2701-PK-1201B-M_DOORSTA.PLC,639,1,BOOL,2,Read,PLC.2701-PK-1201B-M - ITF Waste Gas Fan_Cabinet Door Closed 1:Cabinet Door Closed 0:Open,"",Permanent,"",""
2701-PK-1201B-M_FAULT.PLC,640,1,BOOL,2,Read,PLC.2701-PK-1201B-M - ITF Waste Gas Fan_General Fault 1:Fault 0:Normal,"",Permanent,"",""
2701-PK-1201B-M_EM_STOP.PLC,641,1,BOOL,2,Read,PLC.2701-PK-1201B-M - ITF Waste Gas Fan_Emergency shutdown 1:Emergency shutdown 0:Normal,"",Permanent,"",""
1630-PM-214A_I_A,2,4,32-Bit Floating,3,Read,1630-PM-214A - R-101 Recycle Pumps_Phase A current,A,Permanent,"",""
1630-PM-605A_I_A,4,4,32-Bit Floating,3,Read,1630-PM-605A - R-101 Recycle Pumps_Phase A current,A,Permanent,"",""
1130-PM-305A_I_A,6,4,32-Bit Floating,3,Read,1130-PM-305A - HP Flare K.O.Drum Pump_Phase A current,A,Permanent,"",""
1130-PM-306A_I_A,8,4,32-Bit Floating,3,Read,1130-PM-306A - HP Flare K.O.Drum Pump_Phase A current,A,Permanent,"",""
1162-PM-602_I_A,10,4,32-Bit Floating,3,Read,1162-PM-602 - HP Flare K.O.Drum Pump_Phase A current,A,Permanent,"",""
1162-PM-603_I_A,12,4,32-Bit Floating,3,Read,1162-PM-603 - LP Flare K.O.Drum Pump_Phase A current,A,Permanent,"",""
2202-NK-SG-102-A.03OC_8_I_A,14,4,32-Bit Floating,3,Read,2202-NK-SG-102-A.03OC_8 - LP Flare K.O.Drum Pump_Phase A current,A,Permanent,"",""
1130-PM-311_I_A,16,4,32-Bit Floating,3,Read,1130-PM-311 - LP Flare K.O.Drum Pump_Phase A current,A,Permanent,"",""
1612-PM-611A_I_A,18,4,32-Bit Floating,3,Read,1612-PM-611A - Offgas Absorber Bottom Pump_Phase A current,A,Permanent,"",""
1612-PM-001A_I_A,20,4,32-Bit Floating,3,Read,1612-PM-001A - Offgas Absorber Bottom Pump_Phase A current,A,Permanent,"",""
1612-P-611A.HE-JB_I_A,22,4,32-Bit Floating,3,Read,1612-P-611A.HE-JB - Offgas Absorber Bottom Pump_Phase A current,A,Permanent,"",""
1624-PM-614_I_A,24,4,32-Bit Floating,3,Read,1624-PM-614 - Rich Oil Stripper Bottom Pump_Phase A current,A,Permanent,"",""
2202-NK-SG-102-A.05OC_6_I_A,26,4,32-Bit Floating,3,Read,2202-NK-SG-102-A.05OC_6 - Rich Oil Stripper Bottom Pump_Phase A current,A,Permanent,"",""
1130-PM-302A_I_A,28,4,32-Bit Floating,3,Read,1130-PM-302A - SM Slop Drum water Pump_Phase A current,A,Permanent,"",""
1110-KM-101A-2_I_A,30,4,32-Bit Floating,3,Read,1110-KM-101A-2 - SM Slop Drum water Pump_Phase A current,A,Permanent,"",""
1110-PM-131A_I_A,32,4,32-Bit Floating,3,Read,1110-PM-131A - SM Slop Drum water Pump_Phase A current,A,Permanent,"",""
1110-PM-131B_I_A,34,4,32-Bit Floating,3,Read,1110-PM-131B - SM Slop Drum HC Pump_Phase A current,A,Permanent,"",""
1110-KM-101A.EH02_I_A,36,4,32-Bit Floating,3,Read,1110-KM-101A.EH02 - SM Slop Drum HC Pump_Phase A current,A,Permanent,"",""
1110-PM-133A_I_A,38,4,32-Bit Floating,3,Read,1110-PM-133A - SM Slop Drum HC Pump_Phase A current,A,Permanent,"",""
1110-V-136.EH_I_A,40,4,32-Bit Floating,3,Read,1110-V-136.EH - SPARE_Phase A current,A,Permanent,"",""
1130-KM-301A_I_A,42,4,32-Bit Floating,3,Read,1130-KM-301A - SPARE_Phase A current,A,Permanent,"",""
2202-NK-SG-102-A.07OC_8_I_A,44,4,32-Bit Floating,3,Read,2202-NK-SG-102-A.07OC_8 - SPARE_Phase A current,A,Permanent,"",""
1130-BLM-331A_I_A,46,4,32-Bit Floating,3,Read,1130-BLM-331A - Back-washed pump_Phase A current,A,Permanent,"",""
1130-PM-331B_I_A,48,4,32-Bit Floating,3,Read,1130-PM-331B - Back-washed pump_Phase A current,A,Permanent,"",""
1130-V-332A.EH_I_A,50,4,32-Bit Floating,3,Read,1130-V-332A.EH - Back-washed pump_Phase A current,A,Permanent,"",""
1130-PM-331A_I_A,52,4,32-Bit Floating,3,Read,1130-PM-331A - Desuperheater Water Pump_Phase A current,A,Permanent,"",""
2701-PK-1501A-M_I_A,54,4,32-Bit Floating,3,Read,2701-PK-1501A-M - Desuperheater Water Pump_Phase A current,A,Permanent,"",""
2701-PM-1215_I_A,56,4,32-Bit Floating,3,Read,2701-PM-1215 - oil pump motor_Phase A current,A,Permanent,"",""
2701-PM-1701A_I_A,58,4,32-Bit Floating,3,Read,2701-PM-1701A - oil pump motor_Phase A current,A,Permanent,"",""
2701-AGM-1701_I_A,60,4,32-Bit Floating,3,Read,2701-AGM-1701 - oil pump motor_Phase A current,A,Permanent,"",""
2701-PM-1206A_I_A,62,4,32-Bit Floating,3,Read,2701-PM-1206A - Oil heater junction box_Phase A current,A,Permanent,"",""
2202-NK-SG-102-A.11OC_8_I_A,64,4,32-Bit Floating,3,Read,2202-NK-SG-102-A.11OC_8 - Oil heater junction box_Phase A current,A,Permanent,"",""
1130-PM-301A_I_A,66,4,32-Bit Floating,3,Read,1130-PM-301A - Oil heater junction box_Phase A current,A,Permanent,"",""
1130-PM-303A_I_A,68,4,32-Bit Floating,3,Read,1130-PM-303A - Wasteoil Sump Pump_Phase A current,A,Permanent,"",""
1612-PM-606A_I_A,70,4,32-Bit Floating,3,Read,1612-PM-606A - Wasteoil Sump Pump_Phase A current,A,Permanent,"",""
2701-PM-1202A_I_A,72,4,32-Bit Floating,3,Read,2701-PM-1202A - Wasteoil Sump Pump_Phase A current,A,Permanent,"",""
2701-PM-1201A_I_A,74,4,32-Bit Floating,3,Read,2701-PM-1201A - SPARE_Phase A current,A,Permanent,"",""
2701-PM-1204A_I_A,76,4,32-Bit Floating,3,Read,2701-PM-1204A - SPARE_Phase A current,A,Permanent,"",""
2701-PM-1203_I_A,78,4,32-Bit Floating,3,Read,2701-PM-1203 - Process Condensate Pump_Phase A current,A,Permanent,"",""
2701-PM-1207A_I_A,80,4,32-Bit Floating,3,Read,2701-PM-1207A - Process Condensate Pump_Phase A current,A,Permanent,"",""
2701-PM-1205B_I_A,82,4,32-Bit Floating,3,Read,2701-PM-1205B - Process Condensate Pump_Phase A current,A,Permanent,"",""
2701-PK-1201A-M_OP_F,84,4,32-Bit Floating,3,Read,2701-PK-1201A-M - Oil pump motor 1_Operating Frequency,Hz,Permanent,"",""
2701-PK-1201A-M_OUT_CUR,86,4,32-Bit Floating,3,Read,2701-PK-1201A-M - Oil pump motor 1_Output Current,A,Permanent,"",""
1115-PM-101B_I_A,88,4,32-Bit Floating,3,Read,1115-PM-101B - Oil pump motor 1_Phase A current,A,Permanent,"",""
1630-PM-214B_I_A,90,4,32-Bit Floating,3,Read,1630-PM-214B - Oil pump motor 1_Phase A current,A,Permanent,"",""
1630-PM-605B_I_A,92,4,32-Bit Floating,3,Read,1630-PM-605B - Oil pump motor 2_Phase A current,A,Permanent,"",""
1130-PM-305B_I_A,94,4,32-Bit Floating,3,Read,1130-PM-305B - Oil pump motor 2_Phase A current,A,Permanent,"",""
1130-PM-306B_I_A,96,4,32-Bit Floating,3,Read,1130-PM-306B - Oil pump motor 2_Phase A current,A,Permanent,"",""
1130-BLM-331B_I_A,98,4,32-Bit Floating,3,Read,1130-BLM-331B - Electric heater for crankcase_Phase A current,A,Permanent,"",""
1130-PM-302B_I_A,100,4,32-Bit Floating,3,Read,1130-PM-302B - Electric heater for crankcase_Phase A current,A,Permanent,"",""
1612-PM-611B_I_A,102,4,32-Bit Floating,3,Read,1612-PM-611B - Electric heater for crankcase_Phase A current,A,Permanent,"",""
1612-PM-001B_I_A,104,4,32-Bit Floating,3,Read,1612-PM-001B - Water pump motor 1_Phase A current,A,Permanent,"",""
1612-P-611B.HE-JB_I_A,106,4,32-Bit Floating,3,Read,1612-P-611B.HE-JB - Water pump motor 1_Phase A current,A,Permanent,"",""
1110-KM-101B-2_I_A,108,4,32-Bit Floating,3,Read,1110-KM-101B-2 - Electric heater for water tank_Phase A current,A,Permanent,"",""
1110-PM-132A_I_A,110,4,32-Bit Floating,3,Read,1110-PM-132A - Electric heater for water tank_Phase A current,A,Permanent,"",""
1110-PM-132B_I_A,112,4,32-Bit Floating,3,Read,1110-PM-132B - Electric heater for water tank_Phase A current,A,Permanent,"",""
1110-KM-101B.EH02_I_A,114,4,32-Bit Floating,3,Read,1110-KM-101B.EH02 - Barring motor_Phase A current,A,Permanent,"",""
2202-NK-SG-102-B.08OC_8_I_A,116,4,32-Bit Floating,3,Read,2202-NK-SG-102-B.08OC_8 - Barring motor_Phase A current,A,Permanent,"",""
1110-PM-133B_I_A,118,4,32-Bit Floating,3,Read,1110-PM-133B - Barring motor_Phase A current,A,Permanent,"",""
1130-KM-301B_I_A,120,4,32-Bit Floating,3,Read,1130-KM-301B - SPARE_Phase A current,A,Permanent,"",""
1130-PM-332A_I_A,122,4,32-Bit Floating,3,Read,1130-PM-332A - SPARE_Phase A current,A,Permanent,"",""
1130-PM-332B_I_A,124,4,32-Bit Floating,3,Read,1130-PM-332B - SPARE_Phase A current,A,Permanent,"",""
1130-V-332B.EH_I_A,126,4,32-Bit Floating,3,Read,1130-V-332B.EH - Oil station fans_Phase A current,A,Permanent,"",""
2701-PK-1501B-M_I_A,128,4,32-Bit Floating,3,Read,2701-PK-1501B-M - Oil station fans_Phase A current,A,Permanent,"",""
2701-PM-1216_I_A,130,4,32-Bit Floating,3,Read,2701-PM-1216 - Oil station fans_Phase A current,A,Permanent,"",""
2202-NK-SG-102-B.12OC_3_I_A,132,4,32-Bit Floating,3,Read,2202-NK-SG-102-B.12OC_3 - Auxiliary oil pump motor_Phase A current,A,Permanent,"",""
2701-PM-1701B_I_A,134,4,32-Bit Floating,3,Read,2701-PM-1701B - Auxiliary oil pump motor_Phase A current,A,Permanent,"",""
2701-PM-1206B_I_A,136,4,32-Bit Floating,3,Read,2701-PM-1206B - Lube oil tank heater_Phase A current,A,Permanent,"",""
2202-NK-SG-102-B.12OC_6_I_A,138,4,32-Bit Floating,3,Read,2202-NK-SG-102-B.12OC_6 - Lube oil tank heater_Phase A current,A,Permanent,"",""
1130-PM-301B_I_A,140,4,32-Bit Floating,3,Read,1130-PM-301B - Lube oil tank heater_Phase A current,A,Permanent,"",""
1130-PM-303B_I_A,142,4,32-Bit Floating,3,Read,1130-PM-303B - Main oil pump motor_Phase A current,A,Permanent,"",""
1612-PM-606B_I_A,144,4,32-Bit Floating,3,Read,1612-PM-606B - Main oil pump motor_Phase A current,A,Permanent,"",""
2701-PM-1202B_I_A,146,4,32-Bit Floating,3,Read,2701-PM-1202B - Main oil pump motor_Phase A current,A,Permanent,"",""
2701-PM-1201B_I_A,148,4,32-Bit Floating,3,Read,2701-PM-1201B - ITF Waste Gas FanAcoustic Enclosure Fan_Phase A current,A,Permanent,"",""
2701-PM-1205S_I_A,150,4,32-Bit Floating,3,Read,2701-PM-1205S - ITF Waste Gas FanAcoustic Enclosure Fan_Phase A current,A,Permanent,"",""
2701-PM-1204B_I_A,152,4,32-Bit Floating,3,Read,2701-PM-1204B - ITF Waste Gas FanAcoustic Enclosure Fan_Phase A current,A,Permanent,"",""
2701-PM-1207B_I_A,154,4,32-Bit Floating,3,Read,2701-PM-1207B - Slop Drum HC Pump_Phase A current,A,Permanent,"",""
2701-PM-1205A_I_A,156,4,32-Bit Floating,3,Read,2701-PM-1205A - Slop Drum HC Pump_Phase A current,A,Permanent,"",""
2701-PK-1201B-M_OP_F,158,4,32-Bit Floating,3,Read,2701-PK-1201B-M - TBC Solution StorageDrum 2701-V-1701Agitator_Operating Frequency,Hz,Permanent,"",""
1630-PM-214A,1,6,16-Bit Unsigned,6,Write,"1630-PM-214A HP Flare K.O.Drum Pump : MCU TYPE DOL1: Control word Pulse signal
:Value:1=Stop,2=Start,32=Reset,1024=Permit,2048=Ban Permit","",Impulse,"",""
1630-PM-605A,2,6,16-Bit Unsigned,6,Write,"1630-PM-605A LP Flare K.O.Drum Pump : MCU TYPE DOL1: Control word Pulse signal
:Value:1=Stop,2=Start,32=Reset,1024=Permit,2048=Ban Permit","",Impulse,"",""
1130-PM-305A,3,6,16-Bit Unsigned,6,Write,"1130-PM-305A Offgas Absorber Bottom Pump : MCU TYPE DOL1: Control word Pulse signal
:Value:1=Stop,2=Start,32=Reset,1024=Permit,2048=Ban Permit","",Impulse,"",""
1130-PM-306A,4,6,16-Bit Unsigned,6,Write,"1130-PM-306A Rich Oil Stripper Bottom Pump : MCU TYPE DOL1: Control word Pulse signal
:Value:1=Stop,2=Start,32=Reset,1024=Permit,2048=Ban Permit","",Impulse,"",""
1162-PM-602,5,6,16-Bit Unsigned,6,Write,"1162-PM-602 SM Slop Drum water Pump : MCU TYPE DOL1: Control word Pulse signal
:Value:1=Stop,2=Start,32=Reset,1024=Permit,2048=Ban Permit","",Impulse,"",""
1162-PM-603,6,6,16-Bit Unsigned,6,Write,"1162-PM-603 SM Slop Drum HC Pump : MCU TYPE DOL1: Control word Pulse signal
:Value:1=Stop,2=Start,32=Reset,1024=Permit,2048=Ban Permit","",Impulse,"",""
"",7,6,16-Bit Unsigned,6,Write,"SPARE : MCU TYPE DOL1: Control word Pulse signal
:Value:1=Stop,2=Start,32=Reset,1024=Permit,2048=Ban Permit","",Impulse,"",""
1130-PM-311,8,6,16-Bit Unsigned,6,Write,"1130-PM-311 Back-washed pump : MCU TYPE DOL1: Control word Pulse signal
:Value:1=Stop,2=Start,32=Reset,1024=Permit,2048=Ban Permit","",Impulse,"",""
1612-PM-611A,9,6,16-Bit Unsigned,6,Write,"1612-PM-611A Desuperheater Water Pump : MCU TYPE DOL1: Control word Pulse signal
:Value:1=Stop,2=Start,32=Reset,1024=Permit,2048=Ban Permit","",Impulse,"",""
1612-PM-001A,10,6,16-Bit Unsigned,6,Write,"1612-PM-001A oil pump motor : MCU TYPE DOL1: Control word Pulse signal
:Value:1=Stop,2=Start,32=Reset,1024=Permit,2048=Ban Permit","",Impulse,"",""
1612-P-611A.HE-JB,11,6,16-Bit Unsigned,6,Write,"1612-P-611A.HE-JB Oil heater junction box : MCU TYPE DOL1: Control word Pulse signal
:Value:1=Stop,2=Start,32=Reset,1024=Permit,2048=Ban Permit","",Impulse,"",""
1624-PM-614,12,6,16-Bit Unsigned,6,Write,"1624-PM-614 Wasteoil Sump Pump : MCU TYPE DOL1: Control word Pulse signal
:Value:1=Stop,2=Start,32=Reset,1024=Permit,2048=Ban Permit","",Impulse,"",""
"",13,6,16-Bit Unsigned,6,Write,"SPARE : MCU TYPE DOL1: Control word Pulse signal
:Value:1=Stop,2=Start,32=Reset,1024=Permit,2048=Ban Permit","",Impulse,"",""
1130-PM-302A,14,6,16-Bit Unsigned,6,Write,"1130-PM-302A Process Condensate Pump : MCU TYPE DOL2:Control word Pulse signal
:Value:1=Stop,2=Start,32=Reset,1024=Permit,2048=Ban Permit","",Impulse,"",""
1110-KM-101A-2,15,6,16-Bit Unsigned,6,Write,"1110-KM-101A-2 Barring motor : MCU TYPE DOL1: Control word Pulse signal
:Value:1=Stop,2=Start,32=Reset,1024=Permit,2048=Ban Permit","",Impulse,"",""
1110-PM-131A,16,6,16-Bit Unsigned,6,Write,"1110-PM-131A Oil pump motor 1 : MCU TYPE DOL1: Control word Pulse signal
:Value:1=Stop,2=Start,32=Reset,1024=Permit,2048=Ban Permit","",Impulse,"",""
1110-PM-131B,17,6,16-Bit Unsigned,6,Write,"1110-PM-131B Oil pump motor 2 : MCU TYPE DOL1: Control word Pulse signal
:Value:1=Stop,2=Start,32=Reset,1024=Permit,2048=Ban Permit","",Impulse,"",""
1110-KM-101A.EH02,18,6,16-Bit Unsigned,6,Write,"1110-KM-101A.EH02 Electric heater for crankcase : MCU TYPE DOL1: Control word Pulse signal
:Value:1=Stop,2=Start,32=Reset,1024=Permit,2048=Ban Permit","",Impulse,"",""
1110-PM-133A,19,6,16-Bit Unsigned,6,Write,"1110-PM-133A Water pump motor 1 : MCU TYPE DOL1: Control word Pulse signal
:Value:1=Stop,2=Start,32=Reset,1024=Permit,2048=Ban Permit","",Impulse,"",""
1110-V-136.EH,20,6,16-Bit Unsigned,6,Write,"1110-V-136.EH Electric heater for water tank : MCU TYPE DOL1: Control word Pulse signal
:Value:1=Stop,2=Start,32=Reset,1024=Permit,2048=Ban Permit","",Impulse,"",""
1130-KM-301A,21,6,16-Bit Unsigned,6,Write,"1130-KM-301A Barring motor : MCU TYPE DOL1: Control word Pulse signal
:Value:1=Stop,2=Start,32=Reset,1024=Permit,2048=Ban Permit","",Impulse,"",""
"",22,6,16-Bit Unsigned,6,Write,"SPARE : MCU TYPE DOL1: Control word Pulse signal
:Value:1=Stop,2=Start,32=Reset,1024=Permit,2048=Ban Permit","",Impulse,"",""
1130-BLM-331A,23,6,16-Bit Unsigned,6,Write,"1130-BLM-331A Oil station fans : MCU TYPE DOL1: Control word Pulse signal
:Value:1=Stop,2=Start,32=Reset,1024=Permit,2048=Ban Permit","",Impulse,"",""
1130-PM-331B,24,6,16-Bit Unsigned,6,Write,"1130-PM-331B Auxiliary oil pump motor : MCU TYPE DOL2:Control word Pulse signal
:Value:1=Stop,2=Start,32=Reset,1024=Permit,2048=Ban Permit","",Impulse,"",""
1130-V-332A.EH,25,6,16-Bit Unsigned,6,Write,"1130-V-332A.EH Lube oil tank heater : MCU TYPE DOL2:Control word Pulse signal
:Value:1=Stop,2=Start,32=Reset,1024=Permit,2048=Ban Permit","",Impulse,"",""
1130-PM-331A,26,6,16-Bit Unsigned,6,Write,"1130-PM-331A Main oil pump motor : MCU TYPE DOL2:Control word Pulse signal
:Value:1=Stop,2=Start,32=Reset,1024=Permit,2048=Ban Permit","",Impulse,"",""
2701-PK-1501A-M,27,6,16-Bit Unsigned,6,Write,"2701-PK-1501A-M ITF Waste Gas FanAcoustic Enclosure Fan : MCU TYPE DOL1: Control word Pulse signal
:Value:1=Stop,2=Start,32=Reset,1024=Permit,2048=Ban Permit","",Impulse,"",""
2701-PM-1215,28,6,16-Bit Unsigned,6,Write,"2701-PM-1215 Slop Drum HC Pump : MCU TYPE DOL1: Control word Pulse signal
:Value:1=Stop,2=Start,32=Reset,1024=Permit,2048=Ban Permit","",Impulse,"",""
2701-PM-1701A,29,6,16-Bit Unsigned,6,Write,"2701-PM-1701A TBC Solution Dosing pump : MCU TYPE DOL1: Control word Pulse signal
:Value:1=Stop,2=Start,32=Reset,1024=Permit,2048=Ban Permit","",Impulse,"",""
2701-AGM-1701,30,6,16-Bit Unsigned,6,Write,"2701-AGM-1701 TBC Solution StorageDrum 2701-V-1701Agitator : MCU TYPE DOL1: Control word Pulse signal
:Value:1=Stop,2=Start,32=Reset,1024=Permit,2048=Ban Permit","",Impulse,"",""
2701-PM-1206A,31,6,16-Bit Unsigned,6,Write,"2701-PM-1206A Benzene-Toluene FractionTransfer Pump : MCU TYPE DOL2:Control word Pulse signal
:Value:1=Stop,2=Start,32=Reset,1024=Permit,2048=Ban Permit","",Impulse,"",""
"",32,6,16-Bit Unsigned,6,Write,"SPARE : MCU TYPE DOL2:Control word Pulse signal
:Value:1=Stop,2=Start,32=Reset,1024=Permit,2048=Ban Permit","",Impulse,"",""
1130-PM-301A,33,6,16-Bit Unsigned,6,Write,"1130-PM-301A DM Pump : PLC SSR1:Control word Pulse signal
:Value:1=Stop,2=Start,32=Reset Soft Starter ,1024=Permit,2048=Ban Permit","",Impulse,"",""
1130-PM-303A,34,6,16-Bit Unsigned,6,Write,"1130-PM-303A Condensate Stripper Bottom Pump : PLC SSR2:Control word Pulse signal
:Value:1=Stop,2=Start,32=Reset Soft Starter ,1024=Permit,2048=Ban Permit","",Impulse,"",""
1612-PM-606A,35,6,16-Bit Unsigned,6,Write,"1612-PM-606A LLP Condensate Pump : PLC SSR3:Control word Pulse signal
:Value:1=Stop,2=Start,32=Reset Soft Starter ,1024=Permit,2048=Ban Permit","",Impulse,"",""
2701-PM-1202A,36,6,16-Bit Unsigned,6,Write,"2701-PM-1202A Ethylbenzene transfer pump : PLC SSR1:Control word Pulse signal
:Value:1=Stop,2=Start,32=Reset Soft Starter ,1024=Permit,2048=Ban Permit","",Impulse,"",""
2701-PM-1201A,37,6,16-Bit Unsigned,6,Write,"2701-PM-1201A Benzene transfer pump : PLC SSR2:Control word Pulse signal
:Value:1=Stop,2=Start,32=Reset Soft Starter ,1024=Permit,2048=Ban Permit","",Impulse,"",""
2701-PM-1204A,38,6,16-Bit Unsigned,6,Write,"2701-PM-1204A DM Transfer Pump : PLC SSR3:Control word Pulse signal
:Value:1=Stop,2=Start,32=Reset Soft Starter ,1024=Permit,2048=Ban Permit","",Impulse,"",""
2701-PM-1203,39,6,16-Bit Unsigned,6,Write,"2701-PM-1203 Off-Spec EB Transfer Pump : PLC SSR1:Control word Pulse signal
:Value:1=Stop,2=Start,32=Reset Soft Starter ,1024=Permit,2048=Ban Permit","",Impulse,"",""
2701-PM-1207A,40,6,16-Bit Unsigned,6,Write,"2701-PM-1207A Heavy Tar Loading Pump : PLC SSR2:Control word Pulse signal
:Value:1=Stop,2=Start,32=Reset Soft Starter ,1024=Permit,2048=Ban Permit","",Impulse,"",""
2701-PM-1205B,41,6,16-Bit Unsigned,6,Write,"2701-PM-1205B SM Transfer Pump : PLC SSR3:Control word Pulse signal
:Value:1=Stop,2=Start,32=Reset Soft Starter ,1024=Permit,2048=Ban Permit","",Impulse,"",""
2701-PK-1201A-M,42,6,16-Bit Unsigned,6,Write,2701-PK-1201A-M ITF Waste Gas Fan : VFD Frequency Setting:Hz,0.01Hz,Impulse,"",""
2701-PK-1201A-M,43,6,16-Bit Unsigned,6,Write,"2701-PK-1201A-M ITF Waste Gas Fan : PLC VFD Control word Pulse signal
:Value:1=Stop,2=Start,32=Reset Soft Starter ,1024=Permit,2048=Ban Permit","",Impulse,"",""
1115-PM-101B,44,6,16-Bit Unsigned,6,Write,"1115-PM-101B R-101 Recycle Pumps : MCU TYPE DOL1: Control word Pulse signal
:Value:1=Stop,2=Start,32=Reset,1024=Permit,2048=Ban Permit","",Impulse,"",""
1630-PM-214B,45,6,16-Bit Unsigned,6,Write,"1630-PM-214B HP Flare K.O.Drum Pump : MCU TYPE DOL1: Control word Pulse signal
:Value:1=Stop,2=Start,32=Reset,1024=Permit,2048=Ban Permit","",Impulse,"",""
1630-PM-605B,46,6,16-Bit Unsigned,6,Write,"1630-PM-605B LP Flare K.O.Drum Pump : MCU TYPE DOL1: Control word Pulse signal
:Value:1=Stop,2=Start,32=Reset,1024=Permit,2048=Ban Permit","",Impulse,"",""
1130-PM-305B,47,6,16-Bit Unsigned,6,Write,"1130-PM-305B Offgas Absorber Bottom Pump : MCU TYPE DOL1: Control word Pulse signal
:Value:1=Stop,2=Start,32=Reset,1024=Permit,2048=Ban Permit","",Impulse,"",""
1130-PM-306B,48,6,16-Bit Unsigned,6,Write,"1130-PM-306B Rich Oil Stripper Bottom Pump : MCU TYPE DOL1: Control word Pulse signal
:Value:1=Stop,2=Start,32=Reset,1024=Permit,2048=Ban Permit","",Impulse,"",""
1130-BLM-331B,49,6,16-Bit Unsigned,6,Write,"1130-BLM-331B Oil station fans : MCU TYPE DOL1: Control word Pulse signal
:Value:1=Stop,2=Start,32=Reset,1024=Permit,2048=Ban Permit","",Impulse,"",""
1130-PM-302B,50,6,16-Bit Unsigned,6,Write,"1130-PM-302B Process Condensate Pump : MCU TYPE DOL2:Control word Pulse signal
:Value:1=Stop,2=Start,32=Reset,1024=Permit,2048=Ban Permit","",Impulse,"",""
1612-PM-611B,51,6,16-Bit Unsigned,6,Write,"1612-PM-611B Desuperheater Water Pump : MCU TYPE DOL1: Control word Pulse signal
:Value:1=Stop,2=Start,32=Reset,1024=Permit,2048=Ban Permit","",Impulse,"",""
1612-PM-001B,52,6,16-Bit Unsigned,6,Write,"1612-PM-001B oil pump motor : MCU TYPE DOL1: Control word Pulse signal
:Value:1=Stop,2=Start,32=Reset,1024=Permit,2048=Ban Permit","",Impulse,"",""
1612-P-611B.HE-JB,53,6,16-Bit Unsigned,6,Write,"1612-P-611B.HE-JB Oil heater junction box : MCU TYPE DOL1: Control word Pulse signal
:Value:1=Stop,2=Start,32=Reset,1024=Permit,2048=Ban Permit","",Impulse,"",""
1110-KM-101B-2,54,6,16-Bit Unsigned,6,Write,"1110-KM-101B-2 Barring motor : MCU TYPE DOL1: Control word Pulse signal
:Value:1=Stop,2=Start,32=Reset,1024=Permit,2048=Ban Permit","",Impulse,"",""
1110-PM-132A,55,6,16-Bit Unsigned,6,Write,"1110-PM-132A Oil pump motor 1 : MCU TYPE DOL1: Control word Pulse signal
:Value:1=Stop,2=Start,32=Reset,1024=Permit,2048=Ban Permit","",Impulse,"",""
1110-PM-132B,56,6,16-Bit Unsigned,6,Write,"1110-PM-132B Oil pump motor 2 : MCU TYPE DOL1: Control word Pulse signal
:Value:1=Stop,2=Start,32=Reset,1024=Permit,2048=Ban Permit","",Impulse,"",""
1110-KM-101B.EH02,57,6,16-Bit Unsigned,6,Write,"1110-KM-101B.EH02 Electric heater for crankcase : MCU TYPE DOL1: Control word Pulse signal
:Value:1=Stop,2=Start,32=Reset,1024=Permit,2048=Ban Permit","",Impulse,"",""
"",58,6,16-Bit Unsigned,6,Write,"SPARE : MCU TYPE DOL1: Control word Pulse signal
:Value:1=Stop,2=Start,32=Reset,1024=Permit,2048=Ban Permit","",Impulse,"",""
1110-PM-133B,59,6,16-Bit Unsigned,6,Write,"1110-PM-133B Water pump motor 2 : MCU TYPE DOL1: Control word Pulse signal
:Value:1=Stop,2=Start,32=Reset,1024=Permit,2048=Ban Permit","",Impulse,"",""
1130-KM-301B,60,6,16-Bit Unsigned,6,Write,"1130-KM-301B Barring motor : MCU TYPE DOL1: Control word Pulse signal
:Value:1=Stop,2=Start,32=Reset,1024=Permit,2048=Ban Permit","",Impulse,"",""
1130-PM-332A,61,6,16-Bit Unsigned,6,Write,"1130-PM-332A Main oil pump motor : MCU TYPE DOL2:Control word Pulse signal
:Value:1=Stop,2=Start,32=Reset,1024=Permit,2048=Ban Permit","",Impulse,"",""
1130-PM-332B,62,6,16-Bit Unsigned,6,Write,"1130-PM-332B Auxiliary oil pump motor : MCU TYPE DOL2:Control word Pulse signal
:Value:1=Stop,2=Start,32=Reset,1024=Permit,2048=Ban Permit","",Impulse,"",""
1130-V-332B.EH,63,6,16-Bit Unsigned,6,Write,"1130-V-332B.EH Lube oil tank heater : MCU TYPE DOL2:Control word Pulse signal
:Value:1=Stop,2=Start,32=Reset,1024=Permit,2048=Ban Permit","",Impulse,"",""
2701-PK-1501B-M,64,6,16-Bit Unsigned,6,Write,"2701-PK-1501B-M ""ITF Waste Gas FanAcoustic Enclosure Fan"" : MCU TYPE DOL1: Control word Pulse signal
:Value:1=Stop,2=Start,32=Reset,1024=Permit,2048=Ban Permit","",Impulse,"",""
2701-PM-1216,65,6,16-Bit Unsigned,6,Write,"2701-PM-1216 Slop Drum Water Pump : MCU TYPE DOL1: Control word Pulse signal
:Value:1=Stop,2=Start,32=Reset,1024=Permit,2048=Ban Permit","",Impulse,"",""
"",66,6,16-Bit Unsigned,6,Write,"SPARE : MCU TYPE DOL1: Control word Pulse signal
:Value:1=Stop,2=Start,32=Reset,1024=Permit,2048=Ban Permit","",Impulse,"",""
2701-PM-1701B,67,6,16-Bit Unsigned,6,Write,"2701-PM-1701B TBC Solution Dosing pump : MCU TYPE DOL1: Control word Pulse signal
:Value:1=Stop,2=Start,32=Reset,1024=Permit,2048=Ban Permit","",Impulse,"",""
2701-PM-1206B,68,6,16-Bit Unsigned,6,Write,"2701-PM-1206B Benzene-Toluene FractionTransfer Pump : MCU TYPE DOL2:Control word Pulse signal
:Value:1=Stop,2=Start,32=Reset,1024=Permit,2048=Ban Permit","",Impulse,"",""
"",69,6,16-Bit Unsigned,6,Write,"SPARE : MCU TYPE DOL2:Control word Pulse signal
:Value:1=Stop,2=Start,32=Reset,1024=Permit,2048=Ban Permit","",Impulse,"",""
1130-PM-301B,70,6,16-Bit Unsigned,6,Write,"1130-PM-301B DM Pump : PLC SSR1:Control word Pulse signal
:Value:1=Stop,2=Start,32=Reset Soft Starter ,1024=Permit,2048=Ban Permit","",Impulse,"",""
1130-PM-303B,71,6,16-Bit Unsigned,6,Write,"1130-PM-303B Condensate Stripper Bottom Pump : PLC SSR2:Control word Pulse signal
:Value:1=Stop,2=Start,32=Reset Soft Starter ,1024=Permit,2048=Ban Permit","",Impulse,"",""
1612-PM-606B,72,6,16-Bit Unsigned,6,Write,"1612-PM-606B LLP Condensate Pump : PLC SSR3:Control word Pulse signal
:Value:1=Stop,2=Start,32=Reset Soft Starter ,1024=Permit,2048=Ban Permit","",Impulse,"",""
2701-PM-1202B,73,6,16-Bit Unsigned,6,Write,"2701-PM-1202B Ethylbenzene transfer pump : PLC SSR1:Control word Pulse signal
:Value:1=Stop,2=Start,32=Reset Soft Starter ,1024=Permit,2048=Ban Permit","",Impulse,"",""
2701-PM-1201B,74,6,16-Bit Unsigned,6,Write,"2701-PM-1201B Benzene transfer pump : PLC SSR2:Control word Pulse signal
:Value:1=Stop,2=Start,32=Reset Soft Starter ,1024=Permit,2048=Ban Permit","",Impulse,"",""
2701-PM-1204B,75,6,16-Bit Unsigned,6,Write,"2701-PM-1204B DM Transfer Pump : PLC SSR3:Control word Pulse signal
:Value:1=Stop,2=Start,32=Reset Soft Starter ,1024=Permit,2048=Ban Permit","",Impulse,"",""
2701-PM-1207B,76,6,16-Bit Unsigned,6,Write,"2701-PM-1207B Heavy Tar Loading Pump : PLC SSR1:Control word Pulse signal
:Value:1=Stop,2=Start,32=Reset Soft Starter ,1024=Permit,2048=Ban Permit","",Impulse,"",""
2701-PM-1205A,77,6,16-Bit Unsigned,6,Write,"2701-PM-1205A SM Transfer Pump : PLC SSR2:Control word Pulse signal
:Value:1=Stop,2=Start,32=Reset Soft Starter ,1024=Permit,2048=Ban Permit","",Impulse,"",""
2701-PM-1205S,78,6,16-Bit Unsigned,6,Write,"2701-PM-1205S SM Transfer Pump : PLC SSR3:Control word Pulse signal
:Value:1=Stop,2=Start,32=Reset Soft Starter ,1024=Permit,2048=Ban Permit","",Impulse,"",""
2701-PK-1201B-M,79,6,16-Bit Unsigned,6,Write,2701-PK-1201B-M ITF Waste Gas Fan : VFD Frequency Setting:Hz,0.01Hz,Impulse,"",""